,아이디,댓글 내용
0,  엠뚜루마뚜루 : MBC 공식 종합 채널,"🤴SG워너비 앙코르 콘서트💞 00:34 아리랑05:22 넌 좋은 사람09:23 해바라기-  12:22 외로운 유죄좌13:08 우리의 노래17:23 내사람-  17:40 돌아온 유야호1-  19:52 다같이 유야호2"
1,  벽돌 맞고수면 패턴이 ᄌ댄 김동욱,유죄좌 ㅋㅋㅅㅋㅋㅋㅅㅋㅋㅋㅋㅋㅋㅋㅋㅋㅋㅅㅋㅋㅅㅋㅅㅋㅅㅋ
2,  WS LEE,석훈님 찐으로 서운하셨다..ㅋㅋㅋ큐ㅠ
3,  myong myong,감사합니다!!
4,  ro se, @WS LEE  ㅋㅋ 근데 석훈님이 그전에 먼저 용준님 아이엠그라운드 거부하셨어요.. 직캠보면..ㅋㅋㅋ용준뻘쭘...ㅋㅋㅋㅋㅋ
5,  아름다운삐수니,진햄버젼 바라만본다도 내놔요~~~☺
6,  WS LEE, @ro se 그 부분은 신경써서 못봤는데ㅎㅎㅎ 서로 주거니받거니했네요ㅋㅋ
7,  펭러뷰,고마워요
8,  cute jjocco,아..진짜 노래 다 좋음 어쩌라는거임♥내 컬러링이자 벨소리가 6번째라니~~~~~괜찮아..마지막에 안있어서ㅋㅋㅋㅋㅋㅋㅋ
9,  쿠니___,유죄좌 ㅋㅋㅋ 웃참도 실패하고 ㅋㅋㅋ
10,  Heraclass Han,감사해요!!!! 엠비씨!!!
11,  KRboy,SG워너비햄들 자주나와주세요 .. 저만 그런건지 요즘 들을곡이없어요.. 형님들이 노래내주면 무한반복하면서 들을텐데..ㅠㅠㅠ + 콘서트까지 바라는건 욕심인가요 헤헷용준이형 유튜브 만들었답니다 !! 다들구독갑시다!! https://www.youtube.com/channel/UCiW5nHVAuZb2oN6zp0iBBag/videos
12,  화이팅,채널명은 용가릿!! 티저밖에 안나왔는데도 짱귀여워요
13,  쩡이,Sg워너비 요즘 나오고 나서 차에서 항상 sg워너비만 들음ㅎㅎ 넘좋다
14,  안녕히계세요,정보 감사용 구독하러가야징
15,  박준서,구독 가즈아
16,  펜트하우스 주석훈바라기,구독했어용
17,  sunny moon,저두 용가릿 좋댓구알 하고~ 넌 좋은사람 스밍하며 살지요~
18,  라라라정현,오늘도 미성장인 용리다 보러 출석♡
19,  Hanuy Kim,나만 용준이형 목소리 듣고 갬동한거 아니었네 ㅋㅋㅋㅋㅋㅋㅋㅋ
20,  이_,김용준 목소리 진짜 설렌다 .. 이석훈 목소리 듣고 있어도 너무 좋고 김진호 목소리 들어도 너무 좋은데 김용준 저 감미로운 목소리에 깜짝깜짝 놀란다...
21,  Name,"sg워너비 버전으로 바라만 본다, 나를 아는 사람 불러줬으면 좋겠다 sg워너비 버전으로 바라만 본다, 나를 아는 사람 불러줬으면 좋겠다 sg워너비 버전으로 바라만 본다, 나를 아는 사람 불러줬으면 좋겠다 sg워너비 버전으로 바라만 본다, 나를 아는 사람 불러줬으면 좋겠다 sg워너비 버전으로 바라만 본다, 나를 아는 사람 불러줬으면 좋겠다 sg워너비 버전으로 바라만 본다, 나를 아는 사람 불러줬으면 좋겠다 sg워너비 버전으로 바라만 본다, 나를 아는 사람 불러줬으면 좋겠다 sg워너비 버전으로 바라만 본다, 나를 아는 사람 불러줬으면 좋겠다 sg워너비 버전으로 바라만 본다, 나를 아는 사람 불러줬으면 좋겠다 sg워너비 버전으로 바라만 본다, 나를 아는 사람 불러줬으면 좋겠다 sg워너비 버전으로 바라만 본다, 나를 아는 사람 불러줬으면 좋겠다 sg워너비 버전으로 바라만 본다, 나를 아는 사람 불러줬으면 좋겠다이정도 했으면 한 번만 불러줘요.. 제발"
22,  김동현,오 김용준님 잘하는건 알았는데 또 다시 보게 됨!!그리고 내가 젤 좋아하는 김진호님 역시 힘이 나요!!행복해요!!
23,  히리릿뿅뿅,김용준 목소리 너무 이뿌당🥰김진호 온 힘 다해 부르는거 가슴 뭉클스😭이석훈 팔자주름에 낑겨서 못빠져나겟🤣
24,  허호연,용준씨..노래 목소리  너무좋아요..  진호씨랑 석훈씨도  최고..
25,  ueen Q,다들 유트부로만 보나보다....음원도 1등 했으면 좋겠는뎅...라이브가 더 좋아서원..
26,  행복가득,그러게요.  근데 유트브 조회수도 예전에 비해 많이 적어서 속상하네요.
27,  H-J Seo,맞아요 이것도 너무 여러개가 올라와서.....  음원1위하는거 진심보고픈데..   일단 타임리스라도 잡아야하겠는데 ㅎㅎ
28,  환이,우리는 sg워너비의 시대에 살고있다
29,  가올흴,와.. 갑자기 감정이 복 받쳐오르는 건 왜지…
30,  TC- 14, @가올흴  오글
31,  이광민,제가 학생때 너무 좋아하는가수고 처음콘서트간 가수인데 ㅎㅎㅎ 너무 요즘 티비에나와서 너무좋아요저희딸이초등학생인데 아이들도 너무 좋아해요 ㅎㅎ
32,  햅삐,김용준...💗💗💗💗💖💖💖💖
33,  cherryblock,"진짜 기존 김진호 위주 노래에서파트 배분 새로한 게 신의 한수다...파트 배분 새로한 버전으로 앨범 내줬으면,,좋겟다"
34,  현아,맞아요... 처음 앨범때랑은 많이 달라요.지금이 넘 좋고 지금 이 노래로 다시 나왔음 좋겠어요
35,  Name,이석훈도 있는 버전으로 파트 분배 적절히해서 새로운 앨범 내줬으면ㅜ
36,  K As,용준님 노래할때   손 제스처없이 곱게 모으고 어떻게 저리 곱게 고음 부르는지 신기하당~~
37,  Junilover,저도 같은 생각입니다.  김용준. 이석훈. 김진호 세 명의 목소리가 다 국보급. 너무 알흠다워요.
38,  바니반,저도요ㅡ 예전엔 살짝 부담스러웠는데 지금이 더 편안해요.
39,  ueen Q,음원보다 더 좋은 라이브... 라이브로 된 음원 발매해주세요. 콘서트도 못가는데...
40,  12 345,우리의 노래~용준님 파트에서 눈물이 주르륵 ㅠㅠ아름다운 목소리~♡
41,  비서이이임프정육,와 김용준 화장한거 ㅈㄴ잘생김. ㅠㅠㅜㅜㅜㅜㅜㅜㅠㅠ.
42,  k kim,우리의 노래에서 김용준 고음 파트..몰랐다. 김진호 채동하 이석훈에 가려진철저한 고음을 쓰는 사람이라는걸..진짜 세분 다 보석같음.다시 역주행이 아니라 언제고 정주행 할 형들이였어..
43,  su joung park,울 리더님 고음도 정말 잘하는데 매번 두 멤버만하니 빛을 못봐 안타까웠는데..이 기회에 더 많은 사람들이 울 리더님도 고음 잘한다는거 알아줫음 싶다.
44,  휴지조각,sg워너비노래 2021버전으로 다시듣고 싶은게 너무 많다 딩고라이브 같은데 나와서 다 해주면 너무 행복할듯 ㅠㅠ
45,  싱클레어,딩고 라이브 꼭 했음 좋겠어요 ㅠㅠ
46,  이지수,와 미친 이거다 제발 킬링보이스 한번만ㅠㅠㅠㅠㅠ 레전드 찍을 듯
47,  Sunny 4beauty,딩고가 답!
48,  나는 나,이제..이진호님 보면..왜 고운 진호어머님 생각이 나는지..어머님 정말 좋으신분 같았어요..그러니 당연히..진호님도 좋은아드님이겠지요..멋진 엄마와 아들.. 응원합니다. 열심히 하시는만큼 기획사에서도 정산좀 잘해주셨음 좋겠어요..  인기만큼 정산이 안된다는 속상한 기사를 본듯.. 제대로 합시다. 기획사관계자분들
49,  Seok bin,태클은 아니지만 혹시 잘못알고계실까해서 김진호님입니다!
50,  나는 나, @Seok bin  오우~~감사합니다.🙆
51,  달래,진호 형 아리랑 부를때 뒤에 연주하시는분들이랑 국악하시는분 계속 아이컨택 하면서 응원하는거 너무 멋있다 ㅠ♡
52,  이경은,나이스~~!!
53,  Lily Lily,아놔 이거 또 오백번 보게 생겼네
54,  쿠니___,오백번 받고 오백번 더 ㅋㅋㅋ
55,  레이첼,출구없음
56,  윤희건,겨우?
57,  윤아싸라비아,우린 다 늪에 빠진거죠 ㅋ ㅋ ㅋ
58,  Kevin Junior,이렇게 모두 다 같이 2000년대로 강제 추억여행 열차에 타게 되는데.....
59,  행복가득,용준님~노래 잘듣고 있어요. 최고~
60,  우유앙팡,아니 용준이형 쉬었다 나왔는데 왤케 노래가 업그레이드 되었지???꽉찬 미성ㄷㄷ
61,  니가몬데,조영수랑 sg워너비는 진짜 찰떡궁합...
62,  RED BOMB Film,와 전체 화음 미쳤네?
63,  선풍기,김용준 골프 금지 스모키 금지
64,  Kevin Junior,"ㅋㅋㅋㅋㅋㅋㅋㅋㅋㅋㅋ 그래도 연애, 결혼은 봐 드리죠 이제 곧 용준 햄 불혹 이신데.... 저 아름다운 미소와 미성을 2세들에게도 물려줘야죠"
65,  여바람, @Kevin Junior  찐 팬이다.
66,  빵치킨,ㅋㅋㅋㅋㅋㅋㅋㅋ기여운떼ㅜㅠㅠ
67,  Kevin Junior, @여바람  ㅎㅎㅎ...
68,  WON K,스모키금지ㅋㅋㅋㅋㅋㅋㅋㅋㅋㅋㅋㅋㅋㅋㅋ대환장
69,  정미현,ㅋㅋㅋㅋㅋ 스모키?
70,  ᄋᄋ,ㄹㅇㅋㅋㅋㅋ 잘생긴얼굴 스모키가 다 가려놈 ㅡㅡ
71,  정미현, @ᄋᄋ  그랬는데도 불구하고 잘생겼어요.ㅋㅋ
72,  돌체콜드브루,눈 화장은 좀 참아줘요..😭😭오빠 사랑해요
73,  오그멘틴 진아,ㅋㅋㅋ ㅋㅋㅋ ㅋㅋ ㅋㅋ
74,  준내꺼,진호 아예 옆에보고 노래하는거 욀케 귀엽지 ㅋㅋ
75,  윤세리,유죄좌: ‘달달함’ 이라는 단어가 사람으로 환생골프좌: ‘감미로움’ 이라는 단어가 사람으로 환생나이스좌: 흥 많고 노래 잘하는 곰돌이의 환생
76,  asdf za,좌좌좌
77,  crowd control,골프좌 탈골프길만 걷자..
78,  노래,나이스좌 : '애절함'
79,  애기상오,유죄좌ㅋㅋㅋㅋㅋㅋㅋㅋㅋㅋㅋㅋㅋㅋㅋㅋㅋ
80,  김도연,골프ㅋㅋㅋㅋㅋㅋㅋㅋㅋㅋㅋ
81,  노래,어허 급발진 자제
82,  쟂쟂, @무민  막줄 개역겹네 표현봐라
83,  오현우, @무민  그런 의미가 아닌 댓글에 급발진..
84,  엿머겅, @무민  여자한테 맞았냐? 피해의식 오지구만 ㅋㅋ
85,  무민, @오현우  그런 의미가 아닌 “보이루”는 왜 여혐단어라고 논문에 박제한거야? 이해가 안 가 ㅜㅜ
86,  letterz,I love SG Wannabe. So good to see their live performance and they were having a blast!! Hahah!!
87,  휴지,아 김용준 고음 미치겠음 미성 미치겠음 돌판 겨우 탈출했는데 김용준.. 김용준..
88,  hg J,진짜 역대급 아리랑이다.. 무대을 뒤집어 엎어버림
89,  SG 워너비 저장소 ,ㅇㅈ 역대급임 내가 들은 것중 탑급임다.......
90,  츄름,나도 이 생각했는데.. 진짜 음원보다 라이브가 더 좋은 몇 안되는 그룹 ㅠㅠㅠ♥️
91,  한봄*,소향님의 '홀로아리랑'을 들어보세요 정말 기가 맥힙니다....그리고 우리 워너비형들 ㅎㅇㅌ!!!
92,  YB L,소름돋았어요
93,  허호연,이무대 아리랑 감동 ..찐.찡.한
94,  정미현,인정 인정합니다. 역대급. 판소리? 민요가수?의 목소리가 들어가서 진짜 좋았구요 유야호님의 잔망한 춤사위도 보기 좋았어요.
95,  김민정,신곡 넌좋은사람 너무좋아요 우리의노래는정말 눈물이 나네요 ㅠㅠ sg 워너비 영원하자~~♡♡ 사랑해요서쿤은 내사랑♡♡♡
96,  Mirror,용준옵 저번보다 더 늘었다해여하아 자신감 붙었다해여하나...? 왤케 더 나아진 것 같지 대박이다ㅠㅠ
97,  Wow Han,주변에서 sg워너비 지겹지도 않냐고 말할때도 그만 좀 들으라고 할때도 끊임없이 듣고 불렀습니다. 워너비 형들 다시 이렇게 행복하게 노래하는 모습 볼 수 있어서 너무 좋습니다ㅠㅠ
98,  호이야츄,29
99,  픜ᄏ프날로먹는프사기포크찡,다들그랬음 ㅋㅋ 하루종일 앨범 전곡 다 듣고 노래방가서 또듣고..1집부터 90 91 92라인은 다들 그랬음 ㅋㅋ
100,  해피바이러스,멋지십니다~!!👍👍
101,  강군,저도요 ㅠㅠㅠ
102,  Junilover,당신은 3년 후인 이제부터 그 말들을 다시 듣게 될 것입니다. 제가 요즘 그렇거든요. ㅎㅎㅎㅎㅎ
103,  픜ᄏ프날로먹는프사기포크찡, @Junilover  ?
104,  오현우, @Junilover  응 아니야
105,  하재필,그치만 우리는 또 듣죠 ㅎㅎㅎ
106,  쨤미,2002년곡도 항상 플레이리스트에잇엇던 존버 1인추가요..😭
107,  픜ᄏ프날로먹는프사기포크찡, @쨤미  02년 노래는 다 아련한듯..ㅠㅡㅠ 개초딩 시절이라 아빠 차에서 나오는곡들 듣던게 대부분인듯 10살이었던거같은데 소리바다에서 다운받아들었었나 리스트 보면 모르는곡은 없는데 어떻게 아는거지..
108,  여최선희,김진호는 셋이 모일  때 진가가 드러난다.셋의 조합이 환상이 된다.
109,  이나명,아...진짜   어떡하냐   김용준님 미춰버리겠슴돠 👍👍👍👍👍👍용준님  웃는모습  너무  좋아요남자가  웃는 모습이 넘  설렘☺☺☺☺
110,  jnr012,기사만 나오고 편집된 막둥이 김진호 바라만본다와 84라인(김용준과 이석훈) 나를 아는 사람 커버한거 좀 올려주세요 놀뭐팀에 말해서.......
111,  콩이,웬지 니노래 내노래여서 편집한 느낌을 지울수가 없네요 ㅋ
112,"  자네, 나와 함께하지 않을텐가?",🙏🏻🙏🏻🙏🏻기원합니다…………
113,  SG 워너비 저장소 ,봉춘아 봉춘언니 우째 안되것소?????? 올려주소♥♥ 아님 이 오빠들 바라만 본다 커버 찍게 해주던지..........♥♥♥
114,  돌체콜드브루,올려주세요
115,  고글자,아 진짜 보고 싶다.
116,  윤경,제발 저도🙏같이 좀 봅시다😊이대로 못 보는거 너무 아까워요🙏
117,  Pooh YJ,제발 올려주세요
118,  두마리토깽이,제발요...간절히 비나이다..꼭이요
119,  보아,최고의 조회수를 선물할테니 줴봘ㅜㅜ
120,  mysg S,"내 어린시절 감성을 오랫동안 책임지다 지는 별중 하나인줄 알았는데 구름에 잠깐 가려져있었다고 내가 찾지 않았을뿐, 그들은 여전히 그 자리에서 빛나고 있었다. 감사합니다. 형님들. 오늘도 울고 갑니다."
121,  해바라기,"아니 용준오빠 화장 어디서 한거에요 저 까만 아이섀도우 압수해야 돼 잘생긴 얼굴에 무슨 짓을,,,,"
122,  하영하용HA γOUNG,용가리 스모키 화장 금지..
123,  쩡이,김용준 시무 20조 논의 시급…
124,  사라드Salad,국회상정합시다!  스모키금지
125,  xlxl xl,아 내 감동 돌려줰ㅋㅋㅋㅋㅋㅋㅋ𝙎𝙎𝙄𝘽𝘼𝙇 ㅋㅋㅋㅋㅋㅋㅋㅋㅋㅋㅋㅋㅋㅋㅋㅋㅋㅋㅋ아 미쳤닼ㅋㅋㅋㅋㅋㅋㅋㅋㅋㅋ
126,  돌체콜드브루,스모키 금지 찬성❤️❤️오빠 미모 가린다..
127,  lln liuu,아리랑 진짜 미쳤네 라이브가 음원보다 좋아...
128,  YH Kim,뮤지션들이 진정 즐기며 노래할 때 그 감동이 모두에게 전해지는 것 같네요. 무대에서 노래하는 모습이 가장 멋있고 행복해보이는 세사람. 들을 수 있고 즐길 수 있는 노래 들려주어 정말 고맙습니다. 이렇게 가수들이 제대로 노래할 수 있는 무대가 많이 있었음 하는 바람입니다.정말 멋있었습니다. 응원합니다.
129,  young Ss,노래를 정말 즐기는게 전해지니감동이 감동이 ~~
130,  축브TV,아주 나이스~~~~ WOW
131,  해바라기,정말 최고의 보컬들이다.
132,  송희,..아이돌만 보다 이런무대보니 역시 내정서엔 이게 맞어. .자주 나오시길 바래요~~sg워너비  나이스!  신곡도 좋다..
133,  hyojin s,90s 만세
134,  혜비니,살안빼도 멋있어요 목소리가 보물인 sg워너비니까요~ 용준오빠 미성에 또 설레여요~
135,  정수진,저도 넘 설레어 요기서 나갈수가 없네요~~ㅠㅠ
136,  레알마드리드,김용준 노래 진짜 잘하시네
137,  돌체콜드브루,진짜 잘해요~ 너무 좋아요~~
138,  Justin Kang,바쁘신 분들은 0:00부터 보시면 됩니다.
139,  박진아,ㅋㅋㅋㅋㅋㅋㅋㅋㅋㅋㅋㅋㅋㅋㅋㅋㅋㅋㅋ
140,  강수지,ㅋ ㅋ ㅋ ㅋ ㅋ ㅋ ㅋ ㅋ
141,  김푸효효,너무 감사해요🤣
142,  A A,덕분에 편하게 봤네요ㅋㅋㅋㅋㅋㅋㅋㅋㅋㅋㅋㅋㅋㅋㅋㅋㅋㅋㅋㅋㅋ
143,  착하게 살기로다짐했습니다.,많이 바빴는데 감사합니다
144,  영어싫어,감사합니다 시간을 절약했네요!
145,  in joo hwang,정말 이 그룹은 최고다. .
146,  룰루H,하나같이 다 명곡이네ㅠㅠㅠ 이번 신곡은 왜 이렇게 좋응거야ㅠㅠ 듣다 울컥해서 눈물 왈라라가로가ㅏ가구ㅠㅠ
147,  김정순,넌 좋은 사람 노래가 따뜻하네요^^
148,  햅삐,진짜 너무 좋다. 사랑해요!!!!💗👍🏻
149,  김찬우,골프치고 까무잡잡하던 용준이형가고 하얗게 분칠한 용준오빠 오셨네
150,  Kevin Junior,ㅎㅎㅎ 미성장인 김용준 등판....
151,  정현숙,무대매너 단정반듯 어쩜그리 멋지신지요^^손제스처도 단정하고많이 사랑합니다♥
152,  쇳소리를 들으면 짖는 개,ㅋㅋㅋㅋ화장진한것도 넘 좋음ㅜㅜㅜㅜ
153,  healingk,김용준 나이스♡♡♡♡♡
154,  SweetSori,"Hangout with Yoo production team, i would like to send my gratitude, that you had invited SG Wannabe 2 times to the show and it means a lot for fans... But, can we have another request? I heard that SG Wannabe members also performed MSG Wannabe songs during the MSG Wannabe concert filming, but it wasn't aired last week, could you please release it as unreleased videos on this YouTube channel? Thank you so much in advance!"
155,  러블리,16:25 내가 1일 50회이상 들을 좌표. 용리더 아름다운 미성  아끼지 말고 평생 노래해주세요 갓스지워너비
156,  리슨,그동ㅈ안  역주행 곡들 많이 나왔었지만  sg워너비는 뭔가 특별하다... 감동이 있고 노래에 진심이 보여 듣는이로 하여금 심금을 울리네... 선한 세  남자가 모여 팀을 이루고 욕심없이 서로 배려하며  하모니를 이루니  아름다운  명곡들이 줄줄이  쏟아지는구나정말 요즘같이 힘든시기에 노래로 이렇게 위로를 받으며 노래로 즐거움을 줄 수 있는 가수가 있다는게 넘 뿌듯하다Sg워너비 영원히 흥해라!!!
157,  루헤이,"난 진호오빠가 해바라기 마지막에 가성 부르는게 왜케 좋냐..,,난 석훈오빠가 온 힘을 다해 진성으로 고음지르는게 왜케 좋냐..,,난 용준오빠가 눈 감고 감미롭게 노래 부르는게 왜케 좋냐..,,미치겠네"
158,  사이렌,형님 여기서 이러시면 안됩니다.
159,  남자,덜 ~~~~~ 렁
160,  김유리,용준오빠 골프채 안잡고 마이크 잡고 있으니까 최고다! 파워풀한 미성 끝판왕! sg워너비 신곡 넌 좋은 사람 좋으니까 많이 들어주세요
161,  우리,용가릿 구독 가즈아!
162,  레이첼,용가리 너무 감미로움
163,  짱짱짱,유튜브 채널 개설 했으니 골프 덜치겠죠 용가릿 구독 가즈아
164,  돌체콜드브루,용리다 흥하자!!
165,  먹구름,진호형은 병원에 아픈사람들 이나 학교졸업식때 찾아가서 힘내라고 노래 불러주는 착한사람입니다 ㅠㅠㅠㅠ
166,  김정순,우리의 노래  참 노랫말들이 너무 아름다워요^^
167,  박시골,김용준 목소리 어떻게 하냐..ㅡ어쩜 저리도 절절하고 아름다운지... 몰랐네...나 김용준 좋아했네...
168,  돌체콜드브루,목소리 듣고 있으면 전율이 와요~ 진짜 예전 앨범에서도 파트 많지 않은데 용준님 목소리만 나오면 귀기울이게 되고~~ 벌써 몇 개월째 일상 생활이 힘들어요.. 용준님때매
169,  yujin love,오늘도 출첵합니다 더워서 짜증날 때 세 분의 음악을 들으며 힐링합니다. 서로 아끼고 행복해하는 모습이 보여 저까지 행복바이러스가 전해오는 느낌이예요 오래 음악해주세요 ..
170,  너무이뻐,수면제로 비몽사몽 깨서 아직졸린데  듣고있다  그리구 살아가고싶은이유가 조금이나마 생겼다 언제부터인가지나간 추억은 추억으로 남지   다시는 못볼꺼같았는데이렇게 워너비무대를 유튜브로 볼줄이야 나중에 콘서트 열리면 다시가고싶다  마지막 2017년에 가서본게마지막이었으니
171,  정아 이,신곡도 너무 좋고.. 역시 sg 워너비네요~
172,  #여니Yeony,이석훈 김용준 김진호 이 세 분은 진짜 신이 내린 환상의 그룹이네요♡.♡ 아침부터 기분이 좋아졌어요 21:24분동안오직 편안함과 행복으로 가득차서 아무런 생각이 안 났던♡.♡
173,  구독계,내나이 3n 어른들이 옛날을 추억하고 회상하면서 살아가는게 머리론 이해되도 가슴으론 이해가 잘 안됐는데 이번 놀뭐에 sg워너비 나오고 그때 그시절 감성의 노래들 유행하고 그 시절을 그리워하고 내 세대 사람들이 열광하고 길거리에 온통 sg워너비 노래 나오는거 보면서 그때를 추억할수 있게 만들어준게 너무 감사하고 좋았다ㅠㅠ진짜 질리지가 않는다
174,  정성민,이정도면 국가적인 트리오다
175,  아기엄마,여러분~ 용주니 유튜브 개설 했으니 널렁 가셔서 보셔요~채널명: 용가릿
176,  곰발바닥,난 아리랑에서 용준님이 난나나나나나나나나난나나~할 때가 좋드라~
177,  유수지,아리랑 나나나하고 내사람 나나나는 용리더 특허 내야함 대체불가
178,  Claire Dunfy,Killing Point
179,  조혜경,김용준 목소리 이렇게 좋다니.... 이렇게 노래 잘하다니....
180,  정수진,정말 넘 좋아요~  저 미성에  치여서 헤어나질 못해요~ㅠㅠ
181,  나광진,Sg워너비 진짜 행복해 보여서 좋다
182,  움그리,용준씨 잘생긴 얼굴을 누가 저렇게 망가뜨린거야  미친거아냐? 본모습이 너무멋진걸 왜저렇게 이상하게 화장을 해놓은거야
183,  행복가득,그러게 말이예요. 너무해 ㅜㅜ
184,  ㅇ_ㅇ,눈주변 다크서클가린다고 저래한거같음 ㅋㅋ
185,  동그래미어워드1등임떼아,망가뜨렸다니ㅋㅋㅋㅋㅋ큐ㅠ큐ㅠㅠㅠㅠㅠㅠ난 예쁘다고 생각했는데..
186,  HJ Jun,너무 이상해요.
187,  쇳소리를 들으면 짖는 개,난 화장진한것도 발리는데..
188,  이경은,나도 저것도 괜찮다고 생각했는데 다들 얼굴 망가뜨렸다고 해서 말 못하고 있었는데..저 같이 생각하는 분들도 있었네요~ㅎ
189,  권혜영,Sg워너비를 좋아하는 사람들에게는 이번 공연 최고의 선물 입니다.
190,  블링크,ㅇㅈㅇㅈ
191,  Nomalone Kim,무대 위에서 너무나 행복해 보인다... 이런 게 진짜 가수지...
192,  옥돌,그래서 더 사랑스럽고 우리가 힘을 얻어가나봐요
193,  김삿갓,난 다 좋지만 유독 용준이가 맘에 든다 ㅎ보이스칼라가 넘 좋다
194,  졸리다,진짜 행복하다 ㅠㅠ컴백 많이 해주세요
195,  이경옥,엠비씨에서 SG워너비 단독 콘서트 가즈아
196,  jongk kim,"국뽕, 감동,공감,기쁨,환희,위로노래가 줄수있는 감각이란 감각은 다 주는듯..콘서트를 넘어 올림픽수준.."
197,  레이첼,👍👍👍👍👍👍👍👍👍
198,  Y,암뇨!
199,  YB L,대박 처음부터 끝까자 다 보니까 100퍼 공감이네요
200,  Zel Claveria,아 어떻게 ㅠㅠ 너무 좋아 ㅠㅠㅠㅠ 옛날 가요 느낌이 진짜 달라 ㅠㅠㅠ sg워너비 ㅅㄹㅎ
201,  행복가득,댓글 보시는분들 용준님이 용가릿 라는 유드브 채널을 만들었어요. 구독 좋아요  부탁드립니다.
202,  우리,홍보 고 홍보 고!!!
203,  정깨비,당근알져. 바로구독...삶의.낙이 생겼네요
204,  이슬비,용준오빠 목소리 들으면서 출근준비 끝 듣고 들어도 들을수록 듣고싶은 목소리
205,  김정순,SG 노래 아리랑 넘 좋아요.신곳도 정말 짱 짱 입니다^^
206,  S2 Sp02,김용준은 왜 아무말없어ㅜㅜ 김용준 좋아하는 사람 없냐 너무 잘생기고 골프잘치고 노래잘하는대ㅠㅋㅋㅋㅋㅋㅋㅋㅋㅋㅋㅋ
207,  행복가득,왜 없어요. 이리 많은데~ 노래 정말 잘하고 👍
208,  버디랑이글이랑,요기 있어요🖐🖐🖐🖐🖐🖐
209,  짱짱짱,댓글 둘러 보니까 많은데요? 저도 김용준 좋아요
210,  정소영,김용준 최고~♡
211,  kyung kim,저도 있어요. 용준님은 사랑이죠^^
212,  이경은,저도요.. 근데 전 애가 둘이라...ㅠㅜㅎㅎ
213,  민우,김용준 댓글 ㅈㄴ 많은데 ㅋㅋ
214,  C helen,용준 항상 응원해요
215,  김고기쟁이,용준 짱💖💖
216,  Shin,죄다 김용준가수님 말뿐이라 다른분들 섭할정도인데요 형님…?
217,  러블리,용리다 컨펌 담당이라면서요 죄와벌 컨펌 해주세요 죄와벌 요즘버전으로 듣고 싶다구요 놀뭐 2번 나왔는데 죄와벌을 안부르다니ㅠ 용가릿 유튜브 개설 하셨으니 유튜브에라도 올려주세요 죄와벌
218,  박성우,일단 우리 전통을 살린 무대 자체가 사랑스럽다근데 진호처럼 즐기며 노래하는 사람 봤냐..??.팬인데 더 팬됨...
219,  HJ,신곡 '넌 좋은사람'도 많이 들어주세요.🙇‍♀️
220,  쿠키,진짜 저 세명이 사건사고 없이 여기까지 온게 진짜 레전드.. 앞으로 꽃길만 걸으시길 바랍니다 ❤❤❤❤❤
221,  늑냥이솜털,김용준님은 사건이좀 ..있긴했죠
222,  내눈엔 용준만 보여,"용리더, 이제 가마니 하지 마요. 이케 잘생기고 목소리 좋은데..."
223,  ddan_e Kim,너무 행복하다 진짜 ㅠ.ㅠ
224,  화이팅,김용준 메컵 담당은 에러지만 맑고 깨끗한 목소리에 메컵 생각도 안나고 목소리에만 집중했어요~~너무 이쁜 음색의 미성
225,  rim A,용준님 한층 더 성숙해진 음성으로 돌아오셨네요.들으며 눈물나요..감성 간지 폭발ㅜㅜ
226,  김민철,이것도 천만 가겠다ㅠㅜ
227,  행복가득,용준님 목소리는 언제나 👍
228,  E M,"역시 SG워너비👍👍👍  저를 행복하게 해주신 넘 멋진무대 감사드려요.  유재석씨, 의상 최고예요!!"
229,  송혜련,전성기때 콘서트  가서 진호씨 쩌렁쩌렁한 목소리에 심장 떨리던 기억나네요!코로나 끝나면 십여년만에 현장에서  다시 들어보고 싶네요~클라스가 다른 가수♡
230,  Anna,감사합니다♡사랑해요 SG워너비♡
231,  윤짱맨,아리랑 진짜ㅋㅋㅋㅋ 아놔 개소름
232,  유수지,신곡 넌좋은사람은 처음 들을때보다 들을수록 좋은곡인듯 매일 듣고 있어요. 용리더 미성에 기절~~
233,  한잔술로,아 콘서트 가고싶다
234,  꿀꿀,sg워너비에 무형문화 번호 주고 노래 많이시키고 수출도 하자 ㅠㅠㅠㅠㅍ
235,  랄라랄라,찬성요 ㅋㅋㅋ
236,  레모나라규,굿
237,  전영애,미투~~~
238,  레이첼,"MBC, 놀뭐 제작진, 갓태호pd님, 저와 음악취향이 같으신 유야호님 정말 감사합니다 큰절받으세요유야호 애창곡이 타임리스 였기에 sg워너비가 언급되었고, 그걸 놓치지 않은 갓태호님께서 기획해주셨고, 그로인해 sg워너비를 소환했고덩달아 저의 추억도 같이 소환하였으며, 우리의 진심이 닿았을까 기약없던 그들은 빠른시간 내에 컴백하여우리곁에 보석같은 노래로 다시 돌아와준 sg워너비이모든 과정을 이뤄주신 놀뭐제작진 너무 감사드립니다 🙏🙏🙏🙏🙏🙏🙏"
239,  돌체콜드브루,최고의 무대 ~ 최고의 가수~ 비나이다비나이다 김태호 피디님께 비나이다~🙏🙏🙏🙏팍팍한 일상에 단바같은 울 오빠들 ❤️❤️놀뭐에서 연말 콘서트 열어서 볼 수있게 해주세요🙏🙏🙏김태호 피디님 때문에 지난 10여년을 워너비없이 잘 지냈는데 지금은 현생을 살 수 없을정도로 힘든 상태이니 책임지세요🤣🤣🤣워너비 연말 콘서트 좀 열어주세요😁😁😁마지막으로 용준 오빠 사랑해요❤️❤️❤️❤️❤️
240,  에라이씨부레,뭐해 올려
241,  최복땡이,제발요!!!!!
242,  Pooh YJ,연말콘서트 불러 must have love 불러주시면 죽어도 소원이 없겠어요
243,  shop JinMi,WOW..!!  ♡_♡
244,  Name,해바라기 이 노래 왤케 좋냐..
245,  수지시,정말 sg워너비는 대박 최고 그밖에도 많지만 너무 좋다 와우
246,  정조,12:32 동생이랑 열심히 아이엠드라운드 조종쓰하다가 석햄 웃참 실패하는거 듣고 바로 쳐다보며 마이크 잡는 따수운 리더 용햄...w🐻w
247,  정수진,울 용리더 그런 모습에 자꾸만 치이네요~ㅠㅠ
248,  정미현, @정수진  저두요.
249,  잉쿠,20:29 김진호 나이수 다음에 애드립 성량  실화냐.가성 진짜 개지리네ㄷㄷㄷㄷㄷㄷ
250,  heen kyne,앜 너무 좋아요 sg워너비!!!고마워라~~
251,  선.,덕질할 영상 떨어졌는데 이렇게 3년만에 신곡 내주고 활동햐는 모습 보니 너무 좋네요ㅠㅠㅠ
252,  JPssam,몇번을 돌려보는거냐지노야 멋있다아~~
253,  킹크랩,코로나끝나고 콘서트 달려갑니다~~!!
254,  샛별ë  꿈다방,듣고 있으면 너무 행복해져요😸
255,  happiness,워너비 최고 🤍🤍🤍🤍🤍
256,  아름다운세상,"김진호님은 노래 한곡한곡 한마디한마디가 진심인 사람... 본인이 노래고, 노래가 곧 김진호인 느낌ㅠ 물론 sg 워너비 모두 노래를 사랑하는게 보이지만 세월이 가면 갈수록 김진호님 다시 보임^^"
257,  윤,"8:49 이석훈 유죄 모먼트,,,"
258,  앙기아마르시빵트,여기가 내 누울 자리인가❤
259,  돌체콜드브루,같이 누웁시다🙏🏻용준 오빠 옆자리에 나란히 누우시죠~
260,  M K,"SG워너비 김진호는 M.O.M의 '바라만 본다'를, 김용준과 이석훈은 정상동기의 '나를 아는 사람'을 즉석에서 불러 MSG워너비를 감동하게 만들었다.기사까지 써놓고 왜 때문에 편집이죵? 놀면뭐하니 제작진 선생님들 우리 같이 봐요. 님들만 보는건 반칙입니다😭😭😭"
261,  see noh,진짜 신나게 부른다
262,  류준열,세상에 나온 은둔고수
263,  땅하늘,유야호아 sg 워너비랑 잘 어울려. 김진호 웃껴 죽것어 .
264,  하뚤셋,이런 거 안 보고 다들 유투브로 뭘 보는고지?
265,  스카디SkaDi,"바라만 본다, 나를 아는 사람도 풀어주실때까지 숨참습니다... 허업...."
266,  무민,이 분 돌아가셨답니다 글 내려주세요😂
267,  조감수,제가 다시 살렸습니다
268,  서쿠니가 마시는 삼다수,제가 불사로 만들었슴다
269,  정유현, @조감수  좋은분👍감사해요~*
270,  이상순,용준 용준 용준  !!!!
271,  몽글,진짜 가웅이 슴장해진다
272,  박바이올렛,세분다 너무 좋아요  각자싀  매력이 넘치는분들  입니다
273,  Name,sg워너비 콘서트 티비에서 3시간정도 만이라도 해주시면 안될까요..? 코로나 때문에 콘서트도 못 가는데ㅠㅜ 이렇게 놀면 뭐하니에서 한 시간 밖에 못 보는 건 너무 감칠맛 나잖아요… 얼른 해주실거죠? 지금부터 숨 참고 기다리겠습니다
274,  정미현,김용준 노래 너무 잘하네요. 노래 좀 잘하는 잘생김 담당인줄로만 생각했었는데ᆢ노래 좀이 아니라 너무너무 잘하는 이었어요.
275,  동동동,16:43 용준님 미성고음 폭발할 때 석훈찡 씩 웃는거 넘 좋음
276,  정수진,장난 아니지요~^^  어케 저리 맑고 깨끗하고 시원하게 올릴까요~~ㅠㅠ
277,  정수진,찐친 둘의 케미도 참 보는 재미가 있네요^^
278,  정미현, @정수진  셋의 케미는 어떻구요?
279,  정수진, @정미현  네~  빼 놓아 죄송하네요~  삼형제 케미도 넘 좋아요♡ 흐믓한 미소를 짓게 하는^^
280,  너무이뻐,국가는 나서서 워너비 3개월에 앨범하나씩  그리구 유튜브가 대세인 요즘  전곡을 1루 한편 올리게해라지치고 힘든 삶에  이런노래가 주는 감동이란
281,  바스톰,무심히 듣다가 용준님 파트가 오면 갑자기 마음이 몽글몽글해지는거 같음  너무 예쁜 음색에  깜놀
282,  강민서,어쩜 저많은 사람중에 진호님 목소리 묻히지도않고 넘멋져요~역시 현두~~~♡♡♡
283,  슈니,여보 미안 오늘 또 여기서 누워야겠다
284,  Martin Kim,김용준 너무 좋아 미칠거같애
285,  돌체콜드브루,저는 좋아서 요즘 미쳤어요😭
286,  J9 J,신기하네요 무대 보는것만으로도 기분이 좋아지고 어느새 웃고있네요 ㅋㅋㅋ
287,  이호정,듣는 사람보다 부르는 사람이 더 즐거워 보이는 무대라 계속들어도 질리지가 않네요ㅋㅋmsg도 sg도 꼭 다시 만나요!
288,  버디랑이글이랑,김용준 살쪄도 살빼도 다 멋쪄욤❤❤❤❤❤❤❤❤
289,  까톡TV,피날레 보는데.. 화합의 눈물이 난다. 내 쇼핑몰도 이런 피날레가 왔으면 좋겠다.
290,  나다코코,감사합니다
291,  여름시러,둘다 살 빼도 안빼도 매력있어요 과체중만 아니면 됨ㅋㅋㅋㅋㅋㅋㅋ
292,  healingk,우리의 노래 넘 좋다 감동쓰ㅠ  sg워너비는 진짜 최고다  용준님은 사랑♡♡
293,  정수진,용준이는 사랑♡♡♡  동감입니다^^*
294,  채령,셋이서 노래할 때 항상 마주보면서 웃어주는 모습 너무너무 스윗해요♥ 노래할 때마다 진심이 느껴지고 빠져들게 되네요 ㅜㅜㅜ 활동 많이 해주셨으면 좋겠어요 요즘 이렇게 좋은 노래 정말 듣기 힘들어요ㅜㅜㅜ죄다 트로트 아니면 아이돌들... 역시 김태호피디님🤙 요즘같은 시기 힘이 되어가고 있어요
295,  이종호,와 진짜 저걸 보고 물 만난 고기 같다는 표현이 딱인거 같다
296,  화이팅,우리 용준오빠 보러 또 왔지 들어도 들어도 들을수록 좋다
297,  Bliss _,엠비씨 우리의 니즈를 정확히 파악하셨군요. 감사히 보겠습니다⭐️ SG워너비 신곡 ‘넌 좋은 사람’ 노래 너무좋아여 대박나길 !!
298,  김준서,갠적으로 죄와벌하고 광 보고싶엇는데 아쉽네
299,  별남,진짜 죄와벌은 죽어라 안부르네요...
300,  반임,마지막은 진짜 감동이였다..다같이 모여서 웃고 같이 부르는 모습이 보는 사람도 행복해지는..♥이게 찐이지 무엇보다 무대는 즐겨야지!
301,  와맙소사,마지막 워너비들 떼창 너무 좋은거 아니야고 ㅋㅋ 눈물이 울컥한다
302,  미나유,이렇게. 편집해서 열창하는 모습보니 넘 좋아요
303,  한나은,인성좋은 세남자가 사이도좋아서 무대를 갖고 노네요음악을 진정으로 사랑하는그대들은 나이스다~~
304,  현현시연,용준오빠 너무너무 조아요제발 계속나와주세요잘생겼다~~^^
305,  돌체콜드브루,맨날맨날 나와주면 좋겠어요🙏🏻🙏🏻🙏🏻
306,  김석우,용준햄  노래 넘 대박  골프  그만하고 노래계속해줘요  에스지워너비 영원하자요
307,  문정원,코로나 끝나면 콘서트 해주세요~~어디든 달려갈께요^^ 요즈음 처럼 힘든시기에 워너비 노래 들으며 버티고 있어요^^
308,  에스텔,msg워너비는 냉정하게 라이브보다 음원이 좋아서 음원만 자주듣게 되는데 sg워너비는 라이브가 훨씬좋아서 라이브영상만 계속 보게 되네ㅠ음원으로 자주들어야 순위가 올라갈텐데ㅠ
309,  윤,"노래들으면서 이렇게 행복할 수 있을까,,, 진짜 최고ㅠㅠ"
310,  강철심장,용준이 살 많이 뺐네…
311,  이외경,비법좀가르쳐주세요
312,  돌체콜드브루,오빠 다이어트 프로 하나 갑시다
313,  이규리,"SG 외길 인생 17년 차,,, 울 오빠들이 mbc간판예능 나와서 비히트곡까지 5곡 부르고 래퍼배우가 해바라기 안무해주고 NICE Wow 유행어 만들고 지석진님께 부모님 소리 들을 날이 올지는 몰랐다 몰랐어,,,상상보다 더 상상같은 현실,,,아 인생 진짜 살아볼 만한 것이다💛 사랑해 내 워너비 and 워너비 가문 흥해라"
314,  손재민,역시 SG워너비가 SG워너비 해냈네요.ㅋㅋ 여름에는 뭐니뭐니해도 SG워너비 노래 들어야겠네요.
315,  Misthios,다들행복해 보여서 너무보기좋다😭
316,  Younhee JUNG,그동안의 시간을 참 멋지게 산 것같아서 동시대를 산 사람으로 참 뿌듯하네요.  시간이 지나나와 그때보다 더 감동을 주는 가수는 흔치않은것같아요
317,  김정은,노래너무좋아요눈물이나네요
318,  GalaxyS21+,용리더 노래진짜잘한다 목소리도 너무이쁘고
319,  박경훈,이제 겨울 콘서트 기다릴께
320,  김경화,최고예요 진짜ㅠ0ㅠ 세분 덕분에 행복한 요즘이네요ㅠㅠ  sg 워너비~~ 나에겐 선물같은 가수ㅠㅠㅠㅠ♡
321,  summering,이제 셋이 나올 일 없나... ☹️ 또 보고 싶은데... 유스케 가능성 없나여~?
322,  신인철,진호형 목소리레전드시다.. 소름.대체불가
323,  곰녕,아니 어쩜 더 잘생겨지고..노래는 더 미쳤고...재밌는 무대센스까지 어쩜..제발 날 가져 이제는
324,  준서,너무 좋고 행복해지네요자주 노래 들을수 있음 좋겠어요^~^
325,  궁내채고의씽카볼투수,09:54 용준이형 음색 미쳤네 진짜..
326,  출구없는김진호,주기적으로 볼 영상 하나 더 추가SG 워너비 참 좋은사람들💛
327,,용준오빠.... 더 멋있어 지셨네요...
328,  요니,ㅋㅋㅋ아 용준오빠 저러케 얌전한게 둘이가 설치니까 나라도 가만히 잇어야겟다 해서라는데 ㅋ ㅋ ㅋ ㅋ ㅋ ㅋ ㅋ진짜 얌전해
329,  su joung park,속도 깊어~~셋 더 설쳐댐 안되니 개그쪽에 재주 있는 울 용리더님 참는거지.에효~~이래저래 참는 게 넘 많네.
330,  피즈치자,17:55 네?
331,  정미현,ㅋㅋㅋㅋㅋ 찐팬들은 다알죠?
332,  돌체콜드브루,김가마니님은 사랑이죠~
333,  gogod9581,호강하자 형들 초중딩때 형들을 20대 후반에 되어서 거리에서 만나는게 너무 반갑기도 하고 감동이었어. 아마 내 평생 몇개의 감동중 하나가 아닐까 싶다
334,  하은,저 이거만 보면 왜이렇게 막 벅차고 행복하죠 ㅠㅠ❤️ 삼시세끼보다 더 챙기는 영상이에요 ❤️❤️
335,  새벽검은달,"덕분에 SG워너비 명곡들을 다시 새길 수 있는 귀한 시간이었어요ㅠㅠㅠ 잠시 잊고 있던 노래가 주는, 가사가 주는 힘을 다시 한 번 느낄 수 있었습니다ㅜㅜ 허나 딱 한가지 아쉬운 점이 있다면 분명 존재했다던 sg워너비의 msg워너비 커버는 어디가면 볼 수 있을까요...? 부디 올려주시리라 믿습니다... 미리 감사합니다,,,🙂"
336,  이민아,올려주시리라  믿습니다~~~
337,  별남,도대체 왜 편집한걸까요????
338,  이경은,"언젠가, 어디선가는 풀어주겠죠.. 아님 풀려지든가.."
339,  • 292,최애옆에 최애. 그 최애옆에 또 최애웃는거 보는데 행복하다. 쭉 가자
340,  으니,Sg워너비 버전 바라만  본다 나를 아는 사람 내놔요 빨리ㅋ
341,  kk k,"사랑하는 나의 sg워너비 콘서트 넘 좋아요~~msg워너비, sg워너비 꽃길만 걷길!"
342,  강희정,김용준 몇달사이에 살 쫙 뺐네요? 얼굴이 순정만화에서 튀어나온거 같아요 ㅎㅎ
343,  용 gotit,좋다 W😄W
344,  도토리묵,이렇게 볼 영상 하나가 더 생겼다 ^-^ 나이스 w☺w
345,  nani k,김용준 이석훈 김진호 !!! 모두 유죄!!!한마디로 표현할수 없을만큼  큰 감동이 있지만그냥 '멋찌다' 이 한 단어로도 다 표현이 되네sg워너비 고맙다!! 지나고 나면 이 시기를 기억할 또 다른 예쁜 추억 만들어줘서😍😍
346,  밍밍,유죄!! 땅땅
347,  nani k, @밍밍  땅땅땅👍
348,  Mirror,마지막에 진짜 눈물 좔좔이다..... 화면 잡힌 사람 오디오 은근 키운 디테일부터 다같이 행복해보이는 그들과 나까지 행복해지는 음악까지 진짜ㅠㅠㅠㅠㅠㅠㅠㅠ 어케 안 우냐고 반칙이자나
349,  Claire Dunfy,용주니횽 댓글 많이 보시죠?? 노래 많이 해달라구요ㅠㅠ 언제나 용햄편입니다. 응원합니다!
350,  soii park,SG워너비노래넘좋은데 사랑의아픔이있는지금은들을때마다 마음이아프고 눈물남ㅠㅠ
351,  펭러뷰,용준오빠 목소리 너무 곱다 듣고 있으면 온세상이 맑아지는 기분. 신곡 넌 좋은 사람도 좋네요
352,  제이투현,진호너무귀엽다ㅋㅋㅋㅋ
353,  breeze,진호님🐻 진짜 W😊W!!! 온몸으로 행복하게 노래부르는 모습이 감동적🤍
354,  준혁,sg워너비 킬링보이스에도 나왔으면 좋겠다 하는사람 손!
355,  배hyun,나도 앞에서 듣고싶다ㅠㅠㅠㅠㅠ 김진호 멋있어 평생 노래해줘요
356,  얼렁뚱땅,노래를 부르는 본인들이 신나서 부르니 보고듣는 저는 더 흥이나네요..많은 활동하셔서 저 좋은 무대 노래 들려주시길...감사합니다..SG 워너비^^
357,  밍밍쌤,sg워너비는 노래를 진심으로 부르고 가슴으로 부르는 것 같다. 그리고 그게 고스란히 전달되서 뇌리에 오래 기억된다.평생 노래하자.. 일단 콘서트열어줘요오오오
358,  김지원,오빠들이 노래부르면서 진심으로 행복해보여서 보는사람도 정말 행복하네용 ㅎㅎ 용준오빠 진호오빠 석훈오빠 sg워너비❤❤❤ 평생 우리곁에서 노래해줘요^^
359,  김주연,진심!   진심!  진심!   진심!진짜~자주  만나고  십습니다~~~ wow^^
360,  쏘,진짜 안사랑할 수 없다ㅠㅠ  진호오빠  신나보여서 너무 좋음ㅠ W😊W
361,  Ri Tu,내 귀가 호강하는군  ㅋ신곡 덕분에 ing ᆢ
362,  무미랑,대한민국에 sg워너비있다~~ 유야호
363,  빈스어l비뉴,김용준 완전잘생김 옛날부터봐왓는데 이렇게 잘생긴지 이제알앗다는ㅋㅋ 앞으로 이마는 꼭 까시오👻👻👻
364,  ueen Q,김용준 목소리에 꿀발라놨다.
365,  Junilover,김용준. 이석훈. 김진호. 완전히 다른 음색. 한데 어우러지면 최고의 하모니. 들어도 들어도 너무 좋은 SG워너비.
366,  SG워너비 방탄 워너원에 진심임,"워너비들! 이제 몇 년 동안 생이별하는 일은 없기를 바랄게요 다시 예전 인기 찾았으니 앞으로 꾸준히 뵙기로 약속! 이젠 더 이상 과거형  ed가 아니라 현재진행형 ing인 그룹이니까!우리 햄들 개그캐니까 특집 제작해서 촬영장에서 맘껏 게임하고 노시게 하든가(웃지 말고 겨울나무 부르게 시켰으면)아님 유스케 아이유 언니 특집처럼 콘서트 형식으로 토크+ 노래하시게 하든가딩고뮤직 킬링보이스 섭외하든가 했으면....💚💖💜💙우리 햄들은 점잖은 그룹이 절대로 아닙니다요!그리고 용햄 빼고는 각자 솔로앨범도 많이 냈었으니까 솔로곡 서로 바꿔부르기 한 번 했으면 좋겠어요~ 예를 들자면, 용햄이 진햄 노래 부르고 석햄은 용햄 노래 부르고, 진햄은 석햄 노래 부르는 식으로 말이죠 저 김진호가 부르는 <우리 사랑했던 추억을 아직 잊지 말아요> 상상해봤잖아요?"
367,  HARU의 흔적,으앙 햄이라고 부르시는거 보니 찐 워너비팬이군요 ㅠ 저 중딩때 좋아하면서 용준햄 진호햄 동하햄하면서 우리 멤버들 부르는 애칭이라고 애들한테 말하던게 기억나네요
368,  SG워너비 방탄 워너원에 진심임, @HARU의 흔적  헤헷💚💖💜💙
369,  지오니,김용준 무슨일이야...너무 잘생겼잖아ㅠㅠㅠㅠㅠㅠㅠ흐헝
370,  스텔라루멘,풀메
371,  행복가득,잘생겼어요.❤
372,  ᄋ킴,김용준 당신 미성 덕에 귀 뚫렸어
373,  별빛 J,엠비씨 고맙다 고마워!!sg워너비 데리고 나와줘서!
374,  박시연콩,"없던 애국심도 만들어주는 아리랑이다 진심,,,, 십리도 못가서 발 병 완치될듯,,,💓 내 씨디피 워딨냐"
375,  최민정,18:30 그래 나 본 거지? 하 미친다 미쳐
376,  야호,"아리랑 노래 시작할 때 우리나라 전통의 것을 한 번 더 짚어주는 놀면 뭐하니,,, 그저 빛,,,"
377,  쩡이,하 추억..♡♡☆이거지..이거지...옛날 가수들 총 모집 해주세요 ㅠㅠㅠㅠㅠ 너무좋아ㅠㅠㅠㅠ힐링된다채동하님 하늘에서 보고계시죠~~? Sg워너비 지켜주셔서 고마워요
378,  수밍,명불허전 워너비 W☺️W 신곡도 나왔겠다!우리 이제 자주 볼 수 있을까요?😭
379,  장정은,하 이건 안할수 없다0:39 아리랑5:23 넌 좋은사람9:24 해바라기13:12 우리의 노래17:28 내사람
380,  nani k,삼일째 계속 반복 재생 중!!!20분 넘는 시간이 넘 짧게 느껴지네클라스가 다르다 sg워너비♡
381,  지돼,👍👍👍👍요즘엔 아이돌 엄청 나오고 옛날 감성 명곡 가수들이 너무 그립다. 진짜 듣는 순간 소름쫙악~~~너무 좋다
382,  festina lente,레전드그룹 SG워너비!!
383,  향진,sg워너비 정말 명품 보컬에 명품 텐션에  명품 비주얼  거기에  마음씨까지 명품 ~ 명품좌들~!!!!` 이렇게 완벽한 사람들이 또 있을까요?
384,  dolce,요즘 sg워너비 노래들으며 행복해하고있는 나를 발견했네요.
385,  싱싱,sg워너비 콘서트 가고싶다ㅠㅠㅠㅠㅠ
386,  그때가좋았지,나의 소원은..워너비 콘서트  가는것.. 오래오래 활동해주세요
387,  이경은,나도요!!!
388,  황찬TV,와.. 초등학생 5학년부터 고등학교 1학년 그리고 잠시 주춤했지만 28살 지금 그때의 추억이 되살아나며 순수했던 어린시절 아무것도 모르고 SG워너비의 하모니가 너무 좋아서 푹 빠졌던 시절 소몰이창법이 제일 멋있다고 생각했던 나 지금 와서 또 들어보니 순수한 감동을 정해주는 보컬그룹 SG워너비였네요 고마워요 저의 학창시절 순수함을 잃지 않게해줘서 ! 지금은 많이 세상에 물들었지만 SG워너비 노래를 들으며 잠시나마 어렸을적 순수함을 느끼고 갑니다 화이팅 응원해요 !!!
389,  이정은,부르는 이들의 표정이 너무 아름답네요 ~
390,  샤랄라,햄들 바라만본다랑 나를아는사람 불렀다고 기사에서 본 것 같은데… 영상 안풀어주시나요?ㅜㅜ 기대하고 기다렸는데ㅠㅠ 유튭에라도 풀어주세요🙏🏻
391,  ro se,Msg 가수보호차원에서 안보여주는거 아닐까요? 원가수보다 좋아서..ㅋㅋㅋ나얼님 영준님 가이드 사태처럼요..ㅋㅋㅋ
392,  츄루,덥티채널에서 보니까 용준님 연습하시던데 서쿤쌤지도 ㅋㅋㅋㅋ
393,  엘리,오늘도 이서쿤 당신은 유죄야.엠뚜루 사랑합니다
394,  쭈마스,"놀뭐팀, 유재석님 감사드립니다🙏 우리 SG워너비 오빠들 좋아해주셔서 진심으로 감사드려요🥰"
395,  자몽처돌이,너무 행복하다 w🥰w우리 이제 자주 봐요 어디가지마ㅠㅠㅠㅠ
396,  꿈나무,"조영수, 안영민 작곡, 작사가가 누군지정말 궁금해졌음요.어떻게 이렇게 좋은 곡을 쓸 수 있는지.와우~! 나이스~!!"
397,  D H,"전 소속사가 문제가 많은분이라던데, sg워너비 지금이라도 활동해주시면 좋겠어여  노래듣는것만으로도 힐링돼네요"
398,  레이튼,나온지 오래됐어요~앨범도 많이 냈는데 다들 그렇게 관심을 안줬죠
399,  성시경,문제가 그냥 많은 정도의 수준이 아니었죠 전소속사는.  ㄹㅇ
400,  너무이뻐,나중에 60되도 아니그이상되도 같이늙어가여  그리구 지금의트로트가 어르신들을 기분좋게 해준다면  나중에전국노래자랑에서는 워너비노래가 나오기를 ㅎㅎ 아씨 또 댓글달다가 울컥  ㅠㅠ 진짜 남자3명땜에 이게모냐고  ㅠㅠ
401,  꼬미,음이 있는 이야기를 하는 것 같네.. 노래로 울고 웃게하는데 이 사람들 뭐지? 이 묘한 기분? 그리웠어 SG워너비...💕
402,  유나림,내사람은 진짜..  개막식 때 초청해도 될 만한 그런 행복 단합 다 보여주는데?ㅠㅠ
403,  우야,마지막 내사람때 다들 잘부르는데 진호형 성량 얼마나 오지면 개 뚜렷하게 들리네 ㅋㅋ 사랑해 진호형 ㅠㅠ
404,  단순하게 살래,"워너비형들 노래중 광, 죄와벌, 세글자도 좋아했는데 아쉽 이래서 다들 콘서트 가나봄 아쉬운 마음 달래러 ㅋㅋ 명곡 정말 많은데 ㅜ"
405,  솜사탕,16:30 김용준....
406,  R,난 용리다가 참하게 부르는 게 여리여리하고 청순해보여서 좋음 ...남자한테도 그런 매력을 느낄 수 있는 거구나
407,  비싸게팔자싸게사서,내나이  33살 중고등학교  최고의 MP3최애가수..  하..  눈물이 납니다.. 정말 콘서트  여시면  꼭갈겁니다.  그리고  김진호형  저많은  사람들  소리다뚫고  나오네... 김진호..  레전드는  레전드다..마지막  피치터지는거  저게바로  흉내낼수없는 레전드의  감정에서  나오는  음이 아닐까..
408,  Haven Kim,진호 귀엽
409,  제이킴,누가 골프채 뺏었는진 모르겠는데 잘했어요~~ 다같이 즐기는 무대 뭔가 진짜 오랜만에 보는 기분이랄까?? 보는내내 너무즐겁다 ㅋㅋ 사방을 신경쓰는 진호오빠도 머리 찡하게 꿀발라둔 목소리 쿤디오빠도 이쁜 미성 용준오빠도 다 넘쥬앙~~~
410,  돌고래 mint dolphin,아 김진호보면 찐행복해ㅋㅋㅋ기분조아져쓰~!
411,  Joonhyuk Choi,나 20대때 SG워너비가 전성기라서 저 노래들 알고 느낄 수 있어서 다행이다. 새벽에 회사멜 보내놓고 과실주 마시면서 보다가 마지막 내사람에서 진심 눈물 터졌다. 고맙다..언젠가 코로나 끝나면 SG & MSG워너비 콘서트 하자..광클하다 안되면 그 옛날처럼 텐트치고 현장표 구하러 달려간다.
412,  스티치,sg워너비 노래들 다 좋고 목소리들도 감미로워서 귀가 힐링중
413,  브라운늘보,마지막에 내사람 다같이 부를 때 SG워너비는 진짜 행복했겠다. 그만큼 모두에게 인정받는 가수고 명곡이라는 그런 느낌.
414,  장복순,"SG워너비는 살은 빠지고,노래 실력은 더 업그레이드됐네요~!(그나저나 음색 왜 이렇게 좋냐...)"
415,  에스텔,다 잘하지만 김진호는 노래천재같어 신이내린 목소리와 가창력
416,  imomi(아이마미),용준 미성 넘 조아
417,  Zeu,놀면뭐하니 너무 감사드려요❤️ sg워너비 덕분에 완전 귀호강ㅠㅠㅠㅠ계속 노래해주세요!!!!!!! 덕분에 너무 행복합니당💙💙💙💙
418,  Aelee Jeon,몰랐던 노래들인데 가사 하나하나 절절해서 눈물이 나네. 아 옛날이여
419,  가올흴,"요즘 꿈 같은 삶을 살고 있는 것 같다 15년전에 전성기였던 레전드 가수가 2021년에 또다시 새로운 전성기를 맞을지 누가 알았겠어… sg워너비와 함께하는 지금 이 순간, 예능을 틀어도, 유튜브를 틀어도, 멜론을 틀어도 어딜가나 항상 눈에 띄는 ‘sg워너비’라는 이름.. 볼 때마다 믿기지가 않고 하루하루가 너무 행복하다"
420,  이경은,그러게요. 용가릿 유튭 내용도 기사 떴더라고요~ 울 용가리 연예인이었어~ 유명스타라구~!!!!
421,  sunny :,우리의 전통매듭.전통악기. 연주 속에 듣는 아름다운 노래 참 좋네요^^
422,  김성현,우리 평생을 살아가는 동안 만날 순 없겠지만 이토록 사랑했던 나를 잊지는 말아요 - 아리랑 -
423,  엔귀요미,가사가 따뜻하고 좋아요^^
424,  강지윤,17:52 창모님 꿈틀꿈틀 따라하는 김용준 너무 귀엽 ㅠㅠ
425,  말밤이,진짜 코로나만 아니면 SG워너비 콘서트 보러 간다 ㅠㅠ아.... 코로나 빨리 끝났으면 지겹고 지겹도록내 주식까지도 코로나에 잠식되어 답답터지는 현실!SG워너비~ 사라~아앙.... 해~에해~
426,  박지수,나는 초딩 때 차 부모님 차 타면 노래 테이프 노래 틀고 매일 무한 반복 들었는데 추억이다. 역시 가수는 목소리야 목소리가 좋고 잘 부르니까 사람 보는 시선이 달라져
427,  서윤 이,또 레전드 영상 나오나요?이 세 멤버  이상의 조합은 앞으로도 나오기 힘들죠 최곱니다
428,  후후먹잇감이군,세 멤버 70까지
429,  중고차민족,마지막에 다같이부를때 온몸에 소름이끼치면서 왜 내눈이 촉촉하지 .. 나만그런가요ㅠ
430,  별님,이거지 이거야 ㅠㅠ 내가원한게 모음집이였다고여 ㅠㅠㅠ올려주셔서 감사합니다💜 또 무한재생으로 한동안 죽어라 보겠네옄ㅋㅋㅋㅋㅋㅋㅋㅋㅋ
431,  구독계,역시 덕질은 오래하고 볼일입니다:)
432,  변재일,토요일 이후에 sg워너비만 듣고있어요ㅠㅠ
433,  NY,"이전 놀뭐에서 아리랑 자막, 다른 곳에서 한 아리랑 자막이 원곡 가사와 다른 부분이 많았는데 그 부분을 시정한 게 인상 깊었어요 ex) 사람아 내 사람아->사랑하는 내 사람아, 다른 이 통해서라도->다른 이 품에서라도아리랑을 첫 무대로 한 것, 전통문양, 전통매듭으로 무대를 꾸민 것, 원곡 그대로 장구와 창을 무대에 담은 것, 우리의 것을 강조한 자막 모두 우리의 정체성을 k-pop에 실어 널리 알리려는 노력이 느껴져 더욱 의미있었습니다. 현재 문화재청에서 주관하는 대외활동을 하고 있는데 국가 예산 중 문화재 관리, 보존, 활용 등에 할당되는 규모가 가장 적다고 합니다. 그러니 많은 분들이 이렇게 일상 속에서 우리것의 가치와 그 의미를 인지, 실현해주시고 우리 유산도 꾸준히 관심 가져 주시면 감사하겠습니다!"
434,  미리닝,가사 수정 넘 좋아요♡
435,  구경훈이그립다,아 우리 우유빛깔 천상천하 유아독존 진호형 진짜 기분 좋았나보다 애드립 진짜 폭발이네 대단하다. 형님 꽃길만 걸으십시오. 행복합시다.
436,  재밌게살아요,노래하는게 정말행복해보인다ㅎㅎ보는사람도웃게되네
437,  MM K,착장 나이스라이브 w🤗w
438,  재은신,김용준이 목소리가 이렇게 깨끗했나???너무 고운데?!Sg워너비 노래 많이 듣긴 했는데 저렇게 맑은 줄 이제 알았네요
439,  행복가득,용준님~ 노래할때가 가장  멋있어요. 목소리도 👍
440,  hawjung1202 sim,진짜 선물같은 사람들용준석훈진호❤❤❤❤
441,  Eileen s,맞아요ㅠㅠ 세분 모두 너무너무 소중해요♡♡♡ 한분한분 보석들이죠.
442,  꾸글,보석같은 사람들~~너무 행복하네요
443,  bak사랑둥이,제작자 유재석님은  곧 MSG 제 2집을 꼭 준비하고 컴백 무대로 돌아오기를 바랍니다~~♡^^   원 멤버 SG 워니비무대도 종종 삽입해 주고요~~♡^^기대 하겠습니다
444,  한데꾸리,아..가슴이 울컥 해지네 제발 앞으로 활동 꾸준히 해주시고 좋은 노래 음반도 많이 내주세요ㅜㅜ
445,  bak사랑둥이,놀면 뭐하니 프로를 보면서 원 멤버 SG워너비 무대와  MSG워너비 무대가 넘 흐뭇하고  좋았다~~♡ 계속 하면 좋겠다MBC 최고이다~~☆^^
446,  서윤 이,김진호 애드립은 익숙한데도 들을때마다 소름
447,  T Z,마지막 내 사람 다같이 부를때 그 분위기 너무 좋다.... 진짜 행복해 보여요! 덕분에 저도 행복해 지네요 ^^
448,  서민지,청순하고 고귀한 sg워너비 다시 나와줘서 정말 고마워요!
449,  메타트론,진짜 너무행복하네요..중딩 때MP3 에 행님들 노래ㅜ진짜통으로 넣고따라불럿는데그때생각도 나고ㅜ먼가 울컥ㅜ
450,  김현우,중학생이었던 어린학생이 31살아재가되버렷네..ㅎㅎㅎ그때부터 mp3에넣구 맨날무한반복이었는데 그립다 그때가ㅎㅎㅎ놀뭐첨나왔을때 소름돋으면서봤어요 오래활동해줘요 형들ㅎㅎ
451,  평면,MSG워너비도 대부분 노래 잘 부르기는 하는데 진짜 SG워너비는…전설은 전설이다… 노래 자체의 격이 다른 듯 난 지금까지도 노래를 듣고 소름이 돋았던 가수는 SG워너비밖에 없음 단순히 노래를 잘해서 소름이 돋았다라기 보다는 그만큼 노래 하나하나에 진심인 게 보여
452,  우리집강아지,노래 좋은건 당연하고 부르는걸 보고 있으면 참 행복해짐 ㅠㅠ 신기하게
453,  ᄒᄒ,기다리고 있었어요~!!!! 그들만의 눈맞춤...너무 행복하고 편안해보여요🥰
454,  bk beauty-,무한반복...최고
455,  Marine J,씨부레.. 밤에 잠 못 잘 이유가 또 하나 생겼네..
456,  얼빠,죄와벌 광은 또 듣지 못했다ㅠㅠㅠㅠㅠㅠㅠㅠㅠ
457,  조재순,요즘 sg워너비  푹빠진것같네너무좋다 어쩜이리잘들할까
458,  bsy6581,명품보컬  노래듣다 국 다쫄았네 국 못먹어도  노래더 듣고싶더라   넌 좋은사람 ~~
459,  신짱구,Sg워너비 사랑~해~~♡♡
460,  김가을,김용준 미모 미쳤네ㅜㅜ
461,  손재민,ㅇㅈ👍👍
462,  Ashley Elina,저렇게 노래 부르면서 행복해 하는 그룹도 흔치 않은거 같음…보는 사람까지 행복해 지게 만드는 멋진 사람들..이번 아리랑 무대는 진짜 최고중의 최고!!! 몇번을 보는지 모르겠네요“넌 좋은 사람”너무 좋네요…음악방송 갑시다!!!
463,  다혜,17:56 제2의 겨울나무 이석훈 저 동작만 보면 웃겨 쓰러질라해
464,  MM K,Sg워너비는 남녀노소 세대불문하고 모두에게 노래로 감동을 주는 그룹이네용
465,  이경은,"그러니까요. 댓글에 오빠, 형이 반반이어서 좋아요~~ 간간이 햄도 있고요~~~^^"
466,  긍정,용준~~~~~♡♡♡♡♡♡♡♡
467,  행복가득,우리의 노래 용준님 목소리 최고~^^
468,  장은영,좋다~🙏🙏🙏최고다~🥰🥰🥰Sg워너비는 진짜 워너비다 👍👍👍
469,  머가리머가뤼,ㄹㅇ 김진호님 찐으로 행복해하는게 영상밖으로 느껴지네.... 음악과 함께 평생 행복했으면👍
470,  ᄀ케일,SG워너비 표정이 행복해 보이는 무대였어요오래오래 함께가요 응원할께요~~
471,  황갑순,노래가 듬직한 남성미가흐르는 전율 대박 나세요
472,  Le Bell Kun,"와....너무 완벽하다.,"
473,  박어깨,내사람은 들을때마다 어쩜 이렇게 여운이 진하게 남지
474,  마크툽바라기,김용준 우리아빠 닮음 ㅜㅜㅜㅜ 사랑해요
475,  정현주,놀면뭐하니 sg워너비 고정가즈아🖤
476,  Sophie,"모든 곡이 너무 다 감동적이네요.. 특히 우리의 노래는 이제서야 알게되었다는게 화날정도로 너무 좋아요.. msg워너비 멤버들에게도 엄청 와닿을것 같아요..! ""아무도 찾아주지 않던 불러주지 않던 나라는 노랠 다시 찾아내고 들어준 너에게"" 이부분 정말..  좋은노래 감사해요 sg워너비!!"
477,  강미화,.
478,  이경은,진호 작사잖아요~ 우리 진호 엄마 닮아서 글도 너무 잘 써!
479,  이_,진짜 짱 좋다고 그냥 ..... 다들 행복해하는 거 너무 좋아 ㅠㅠㅠㅠㅠㅠㅠSG워너비.. 몇주동안 또 이것만 듣겠구만...
480,  고땅근이,어떻게 사람에게서 저런 목소리가 나나요..와 진짜 너무너무 멋있고 온팔뚝살에 소름이ㅋㅋㅋ
481,  노래하는 사랑꾼,오오 많은 인연 속에 많은 사람들 중에~우리 둘 뿐이야 고마워 네가 내게 와줘서
482,  Hyon Ding,신곡 많이 들어주세요 ❤️ 너무 좋아요
483,  수아,해바라기 최애곡인데 앵콜콘에서 불러주니까 넘 좋다ㅠㅠㅠㅠㅠ🥺❤️
484,  김대현,중3때 처음 알았을때도 너무 좋았는데 이렇게 다시 방송에 나오고 노래도 역주행해서 너무 좋네요 앞으로 쭉 승승장구합시다 !!
485,  이지수,진짜 고맙습니다 다시 방송에 나와줄거라곤 상상도 못했는데ㅠㅠㅠ 행복해요
486,  Sunny 4beauty,그냥 계속계속 나와주시면 안되요? 그렇다면 전 계속계속 행복할텐데 말이죠.
487,  싱클레어,8:47 석훈좌 목소리 긁는 창법 너무 멋져요!! 나 이거 또 백만반 듣게 생겼네 ㅠㅠ
488,  GGang,진짜 김용준 미성 미친다 ㄷㄷㄷ
489,  jang go,우리의노래 김용준 미쳤네
490,  맛소금,SG워너비  목소리 나이스SG워너비  보이스 나이스SG워너비  마음씀씀이도 나이스MSG 워너비 이번 모든활동도  나이스잊지못할겁니다 영원히
491,  Maître d'hôtel,진짜 마지막 다 같이 부르는거 미쳤습니다.. 화음 및 진정성… 진짜 찢었다..
492,  박달팽,이거지 ㅠ
493,  sun day,삼햄들 노래들으니 힐링되요. 놀뭐 재방도 챙겨보고 있어요. 봐도봐도 감동이고 흐믓해요.W😊W 나이스👍신곡 '넌 좋은 사람' 노래가 이뻐요.처음으로 멜론가입해서 듣고있어요.
494,  Joonhyuk Choi,아리랑은 도쿄올림픽에서 연주되어야 한다
495,  healingk,왜  한국거를 일본에서...  가수도 노래도 지들꺼라 홍보할지도 몰라요ㅋㅋ
496,  ¿ DM,진짜 레전드다 레전드 ㅋㅋ
497,  성민,딩고 킬링보이스 나오시길 기도하고 있었는데 놀뭐에서 아예 메들리로 들려주셔서 너무 너무 정말 너무 감사합니다!!!!!! SG워너비 절대 행복해!!
498,  유순열,이런 날씨 거 타죽기 딱좋은 날씨네
499,  함시우,노래 넘 좋고 화음 환상이네요 근데 용준씨 화장 누가 함? 잘생긴 얼굴 못생기게 만드는 기술자썼음?. 용준님 스모키금지!!!!
500,  오지게박자,중학교때 진짜 많이들었는데ㅎㅎㅎ와진짜 옜날생각나게 하는 영상이네요 눈물나요 이렇게나이를먹었다는게ㅜㅜ
501,  박채영,크으 놀면뭐하니 유튜브 조회수 1위 주인공 답다 진짜 몇번을 들어도 질리질 않네
502,  윤댕,sg워너비 넌좋은사람♥삼햄들 무대에서 노래부르고 즐기는거보면 팬들도 너무 행복해요~ 완전체로 자주 활동해주세요오빠들 케미 진짜 짱이거든요♥오늘도 용가리 목소리에 치이고 갑니다 사랑한다 용가리♥
503,  DPRJIMMY Official,그시절 그때기억 고스란히 용준형님 목소리에 남아있네요. 많은 부분들이 변했지만 덕분에 다시 미소짓고 갑니다~
504,  순둥,"아리랑,우리의노래 너무 좋아요ㅠㅠ"
505,  Ellen,우리의노래 들으니까 눈물이 흐르네ㅠ 가슴찡한 뭔가가있다😭
506,  Octo 1,이 형들은 나중에 틀니말고 골프채 압수해야함 ㄹㅇ
507,  준호네집,넌좋은사람 노래 너무좋다ㅠㅠㅠㅠㅠ
508,  HYEJU혜주,"내 플리를 털어와서 ,, 내 멜론 계정을 훔친 줄 알았다."
509,  Eunsun Park,시간이 흐를 수록 노래 실력이 느는듯. 더 이상 늘어날 것도 없는 것 같은데!!!!!!!!!
510,  이경은,이건 역주행 아니고 재주행!
511,  Onder iii,노래부르는 이느낌 기대된다
512,  조귀,다들 너무 행복해보여서나까지 행복해진다
513,  콩이,이번 신곡도 그렇고 모든 노래가 좋지만 우리의 노래 이 띵곡을 알게 돼서 넘 좋네요 진호 석훈 조합 앞으로도 좋은 노래 많이 작업해주세요 탄생도 넘 취저
514,  ᄋᄋᄋ,진호 용준 석훈 조합
515,  정경희,용준 석훈 진호조합이죠~
516,  ← 귀요미,용리더 용가릿도 껴줘용^^
517,  너쿨링,아리랑 국뽕차오른다 대한민국만세
518,  동동동,아무도 찾아주지 않던 불러주지 않던나라는 노랠 다시 찾아내고 들어준 너에게마음에 참 위로가 되는 노래네요 우리의 노래🤍
519,  허서은,김용준 목소리 진짜 좋다 ㅠㅠ❤️❤️❤️
520,  라라,용준오빠 ㅜㅜㅠㅠ너무멋있어 ❤️❤️
521,  MSG,다들 엄청 신났어...특히 마지막에 내사람 엔딩에서 sg워너비 분들 엄청 신나신게 눈에 보임 😁😁😁😁
522,  꿈꾸는뇨자,정말 누구도 대체할 수 없는 그룹...sg워너비 진짜 최고입니다❤️❤️❤️👍👍👍👍👍👍
523,  아현,신곡노래 넘좋아용~~~sg워너비 무대를 너무 즐기는 장난꾸러기들같아요^^
524,  조조율ent.,와 소름돋아 최고다!!
525,  너무이뻐,노래하나하나에 가사한줄한줄 다 내머리속에  있는디 그래서 지겨울법한데도  그런게전혀없고  울컥하게만 만들어 우울증심해서 병원생활하는내가 유일하게 요즘 웃는시간이 저녁먹고 시트콤볼때아침에 유튜브로 워너비노래듣고 밥먹으면서까지 워너비노래들을땨
526,  Falke Kim,내사람마지막에 진호형한테 도장깨기 도전하는거같아 ㅋㅋㅋㅋ 아 너무 좋다 진짜
527,  김은주,우리의노래 너무 좋았어요. sg워너비 자주 소환해주세요. 최곱니다♡
528,  주미설,계속듣는데  sg워너비 노래는 질리질 않아요넌 좋은사람 행복감을 가져다주는 노래에요거기다 라이브는 진리~~
529,  여수밥바다,18살에 처음만난 sg워너비 어느덧 제나이 서른이 넘어 다시 만나게 됐네요내나이 마흔이 넘고 예순이 넘을때도 늘 오랜만에 만나는 반가운 친구들처럼 곁에 함께 했었으면 좋겠습니다.
530,  이외경,김용준다이어트비법뭐가요
531,  알수없음,최근 5년간 sg워너비 노래를 듣지 않은 날보다 한곡이라도 들은 날이 훨씬 많았다 그런데도 들을때마다 셋 아니 넷의 목소리 에드립 화음이 하나하나 새롭게 느껴진다 가끔 지겹다 느껴 신곡이나 걸그룹을 찾아도 보지만 결국 sg워너비로 돌아오게 된다
532,  방탄_보라해,"아니 나만 썸네일에 ""살 빼고 돌아온"" 이 글 때문에 진짜 살빠졌나 해서 보려고 들어왔냐고..... 나만 그런거임? 근데 들어와서 노래 들으는데 그와중에 부르는 노래들 다 좋다..."
533,  ᄏᄏ,오 신곡 조영수-안영민 조합 ㄷㄷ... 진짜 오랜만이네요
534,  mine,엠뚜루마뚜루~~MBC감사합니다~~사랑합니다🥰🙇‍♀️🙏 sg워너비🥰용준🥰
535,  Beautiful Seung Ji,우리의 노래 역시 최고야...!!!
536,  연탄,""" 운전할때 틀어두는 플레이리스트 """
537,  hw J,SG 워너비는 사랑입니다♡♡
538,  Bea TV __,보는 사람이 정말 행복해지는 무대 ❤️
539,  hithere!,Just like a New Year concert... And the ending song with railing camera shoots every singers... SO EPIC :')
540,  김지윤,16:25 ♥️
541,  곰녕,이런 찜통같은 무더위에 이렇게 노래로 행복하게 해주셔서 감사해요 ㅠㅠ 이번 신곡도 너무 좋고 앞으로 쭉쭉 더 잘나가라❤️❤️❤️❤️
542,  JJ J,아리랑 듣는데 왜 눈물이 나지.. ㅎㅎ
543,  몽몽❤,19:00 강창모 너무 신난거 아니냐곸ㅋㅋㅋㅋㅋ팔 뒤로 꺾이겠넼ㅋㅋㅋㅋㅋ
544,  안녕,죄와벌을 안불러주셔서 아쉬웠지만 너무 좋은 시간이였습니다 놀면뭐하니 너무 좋은프로그램 ㅎㅎ sg워너비 앞으로 예능 많이 나와주셨으면 좋겠고 신곡 화이팅!!
545,  별남,진짜 죄와벌은 왜 안부르는 걸까요???
546,  안녕, @별남  글쎄요 아마 동하님이 계시지않으시기 때문이 아닐까요ㅠ 죄와벌이 동하님 존재감이 큰 노래기도 하고 동하님 그립네요..
547,  별남, @안녕  음... 전 솔직하게 잘 모르겠네요 그렇게 생각하면 동하님이 참여하시고 파트가 더 많은 노래도 많을텐데 왜 유독 죄와벌만????
548,  안녕, @별남  죄와벌 라이브는 가장 최근이 한 9년전인거 같더라구요..
549,  miah,계속 듣게 되네요 우리의 노래 넘 좋네요.. 새로운 발견 에스지워너비  셋다 넘나 좋아
550,  ueen Q,댓글 999개는 못참지...용준님 보러 또 왔어요 ㅎㅎㅎㅎㅎ
551,  고미영,표현할단어가없다최고
552,  gong Bae,감사합니다 엠비씨 🙇‍♀️🙇‍♀️🙇‍♀️🙇‍♀️🙇‍♀️
553,  고이퉁쳐,우리의 노래 오늘부터 내 인생곡..
554,  다잊어야해—욥!,아리랑엔 역시 당당한 장구 애절한 해금 한스런 창이 있어야 제맛
555,  정진영,이시국에 sg워너비  덕에 진심으로 행복했습니다~^^♡♡♡김용준  미성에 빠져 코로나도 극복했습니당~^^진심으로 감사합니당
556,  곰,죄와벌은요..? 죄와벌은요..? 죄와벌은요..? 죄와벌은요..? 죄와벌은요..? 죄와벌은요..? 죄와벌은요..? 죄와벌은요..? 죄와벌은요..? 죄와벌은요..? 죄와벌은요..? 죄와벌은요..? 죄와벌은요..? 죄와벌은요..? 죄와벌은요..? 죄와벌은요..? 죄와벌은요..? 죄와벌은요..?
557,  강수지,ㅋ ㅋ ㅋ ㅋ ㅋ ㅋ ㅋ ㅋㅋ
558,  유령니스,아 진짜 이석훈...부모님 죄송해요 저 유부남 좋아합니다
559,  다이나마이트love,Sg워너비의 세사람이 즐겁게 노래하는 모습에 내가 다 행복합니다. 너무너무 ~자주 나와주세요. 신곡도 자주 내주시고요.
560,  빛나봄,sg워너비❤️ 사랑해
561,  알뜰,보고있으면 입꼬리가 저절로 올라가요 좋아요 행복해요 고마워요 사랑해요 모두모두~~~♡♡♡
562,  호냥이,진짜 옛날 sg도 지금 sg도 너무좋다ㅠㅠ어렸을때는 진호좌만 좋아했는데 이제 그냥 다좋네ㅠㅠ
563,  Kay Lee,sg 워너비 그냥 노래로는 국대급이네!!!
564,  J JUN,김용준 목소리 너무 좋아요~~~~
565,  노은숙,각자 넘 잘부르는데 안튀고 감싸주며 부르는 듯해서 더 좋다! ♥
566,  이석영,치킨 뜯으면서 이걸 듣는 내가 승리자
567,  개빡치네,"TV만 틀면 트로트 쳐 나와서 개빡쳤는데SG워너비, 빅마마, MSG워너비, 브아솔 덕분에 귀가 정화되고 있어요. 감사합니다 덜빡치네요 :)"
568,  tereu,우리의 노래 진짜 좋아하는데 이렇게 부르는걸 볼 수 있을지 몰랐어요ㅠㅠㅠ 제목 듣자마자 입틀막함.. 신곡도 너무너무 좋아요!! 계속계속 노래해줘요
569,  꿀꿈곰돌이,이젠 내사람 들을 때 유야호~~없으면 너무 아쉬움ㅋㅋ
570,  정윤경,너라서 고마워~선물같은 사람~SG워너비~~~♡♡♡
571,  박성우,먼저 떠난 그 친구도 좋고 지금의 세명도 좋고 최고의 그룹인거 같다..너무 좋다ㅜㅜㅜㅜ근데..정말정말 진호는 노래를 즐기고 좋아하는게 느껴짐
572,  앗르악느,4:53 용준 나나나나나나~~ 부분 이 곡 최애파트
573,  jessica choi,3인 삼색 최고다 정말..
574,  23 45,84년생 38아재입니다죄와벌 뮤비도제 고등학교에서 찍고..20대를 sg 워너비 노래와 함께 보냈어요스테이 참...좋아했어요
575,  Jinee JJu,그냥 좋다ㅏㅏ 아리랑부터 좋다ㅏ 에스지워너비는 그냥 그 존재로 끝이지ㅠㅜㅠㅠㅠ
576,  hj,sg워너비 보고있으니 너무 행복해 보여서  저까지 행복해 지네요방송에 많이 나와주세요제발요~~
577,  이아윤,볼때 마다 전율이 느껴지네ㅠㅠ가슴으로 영혼으로 노래하는게 셋 다 느껴져서더 좋으댜!!!!!
578,  Minjeong Kim,진호님 계속해서 소통하면서 찐으로 즐거워하는거 너무좋고석훈님도 그냥 인간카푸치노고 용준님은 나랑 결혼하ㄱ..아니 음색이 오지시네
579,  읏챠,용준~
580,  바코드,진짜 보자마자 확실히 달라진걸 느꼈네 ㅋㅋㅋㅋㅋ 저번 방송보다 훨씬 멋있어졌어
581,  구루,해바라기때의 아이엠그라운드에는 엄청난 전설이 숨겨져있지
582,  유영주,보는내내  행복해서 미소가절로 지어지더군요 ♥
583,  노주환,아이돌은 이제 그만 양산하자.
584,  Hyejin Kim,노래듣고 이렇게 행복할 수 있는거였어 ㅠㅠㅠㅠㅠ 진짜 만수무강하시고 오래오래 노래불러주세요ㅠㅠㅠㅠ
585,  지연수83,그냥 좋다.기분이 좋아진다! 감사하다~~~
586,  남이상해씨,우리의노래 노래좋네요 울컥하네요 진짜 영상올려주셔서 감사합니다. Sg 워너비 msg워너비 흥하시길바랍니다.
587,  Tina Jung,우리의노래 넘 좋다~역주행가자~~~
588,  cmk,"매일 반복중인 워너비~♥  보고싶어요. 콘서트 날을 간절히 바랍니다. 김용준의 아름다운미성, 이석훈의 감미로운보이스, 김진호의 파워보이스에 치입니다."
589,  초지일관,슥너비가 부르는 바라만본다랑 나를아는사람도 올려 주세요 언제 풀면 좋을까 재지 말고 그냥 지금 풀어 주세요~ 오조오억만번 돌려 볼께요 ^^
590,  오징어문어용용,라이브가 이렇게 좋아도 되나요. 용준진호석훈 명품보이스!!잘생긴 용준의 미성 미치겠네요♥️♥️
591,  이진규,아 시원하다~~~ ㅋㅋㅋ
592,  라라라정현,용리다 하는건  다다좋다💕  노래도 운동도 유튜브도 아빠옷도 짙은화장은빼고~
593,  정수진,ㅋㅋ^^
594,  옥돌,눈화장  왜 그래났엉.언니야 이쁘게 해쥬라
595,  정미현,아빠옷.? ㅋㅋㅋㅋ
596,  김용준 완벽해♡,으엉 너무조아ㅜㅜ♡
597,  마이럽,"와...무엇보다 아리랑.... 무대도 멋있고 너무 좋네요.. 뭐라 다 말로 표현할 수 없는 감동, 울림이 있네요..특히 가사가 이렇게나 슬픈 이야기였나요.. 진심이 느껴져 더 좋네요~ 감사합니다~~^^ 오래오래 노래해 주세요~~♡♡♡♡"
598,  an happy,아…유재석 저 뿌듯해 하는 표정.. 너무 행복허다 😍😍😍
599,  Leony Novita,woah nostalgia <3
600,  Sophie,"아리랑 무대가 너무 아름답네요.. 우리 고유의 것들이 역시 최고에요!! 잊고 있던 우리문화를 다시 상기시켜준 sg워너비, 놀면뭐하니 제작진분들 다 감사합니다ㅠㅠㅠ"
601,  메리쥴리merryJulie,오랜만에 SG워너비 노래 이렇게 들으니까 너무 좋아요ㅠㅠ
602,  땡초시락국수,김진호 진짜 너무 멋있는 가수가 됐다 ㅠ
603,  셀린 엘레노아,용준님 미성 곱다
604,  레모나,용준오빠눈에 화장한거죠....?? 왜 저렇게 칠한거지...??????
605,  ro se,너무 완벽하면 재미없어서 그런걸까요?ㅋㅋㅋ메컵실장님 취향이 영..ㅋㅋㅋ눈도 눈이지만 원래 눈썹 미남인데... 눈썹을 넘 칼같이 그렸어요..ㅠㅠㅠ그래도 목소리로 다 커버쳤음ㅋㅋㅋ 결론은 용가리는 죄가 없다..ㅋㅋㅋ 용가리는 다 용서된다..ㅋㅋㅋ
606,  뚜밈,첨에 다크서클인줄 알앗음 ㅋㅋ
607,  영미 박,용준님만  메이크업이 영 아쉽네요ㅠㅠ
608,  mj lee,진짜 가수들이 즐기는 무대.넘 좋아요.SG 워너비 쭉 나와 주세용~~~
609,  어르신이닷,넌 좋은 사람 짱듣기 좋아요 좋은 노래 만들어 주세요
610,  수빈이,SG워너비가 내 추억속에 간직되어 있어서 너무 행복하네요ㅎㅎ 눈물ㅠㅠㅠㅠ 영원히 SG워너비 해주세유ㅠ
611,  장선영,하 진짜 존나좋다...
612,  유현진,잔잔한 감동과 울림 좋으네요~~왜 신곡만 나오는 음악방송만 있나요?예전곡 이렇게 신청곡으로 해서 라이브 들을 수 있는 음악방송 있었음 감사하겠습니다.만들어주셔요~~^^
613,  김선유,뭔가 가사가 옛날 노래들 싹다 쓸어담는 거 같아서 너무 좋다 ㅠㅠㅠㅠㅠㅠㅠㅠㅠㅠㅠ 마음 편히 이제 쉴 수 있는 거 너무 내사람 재질 ㅜㅜㅜ
614,  감자감자뿅,W😚W 모음집이다  복습할게 많아서 행복합니다 SG워너비 나이스 👍👍👍👍
615,  SG 워너비 저장소 ,W.o.w
616,  자이언트펭펭펭,용준님 스모키... 너무 강렬해ㅠㅡㅠㅋㅋㅋ
617,  브이김,진짜 너무 너무 행복한 시간 선물해 주셔서 감사합니다!!
618,  각설탕은영,최고~~요즘 sg 워너비 영상보고 음악 듣고 하루에도 어찌나 많이 듣는지  그대들이 좋은 사람ㆍ 소중한 사람들 김진호님 이석훈 님 김용준님 제발 건강하시고 아프지 마시고 활동 왕성하게 롱런하실거에요 국보급 가왕인 sg워너비 그대들을 팬으로 사랑합니다ㆍ감사합니다
619,  유희경,이들은 최고네요
620,  SH K,제발 SG워너비 멤버들의 MSG워너비 노래 커버영상 공개해주세요 기사도 나왔는데 .... 왜 공개를 안하는건가요?? 본방에서 편집된건 그렇다 해도 ㅠㅠ
621,  맹지누이,아니 이러면 sg워너비 뽕들어서 어캐.....ㅠㅠㅠㅠ 노래방도 못간단 말이야~~~~~~ㅠㅠㅠㅠㅠ
622,  ueen Q,"선물같은 노래 불러주셔서 감사합니다.  진호,용준,석훈 다 좋은 사람들"
623,  e깝규,"중학생때 우연히 죄와벌을 듣게 되었고 그때부터 죄와벌 살다가 광 내사람 아리랑 가시리 해바라기 스테이 등등 수많은 명곡들을 수백 수천번을 들었고, 지금 그 때와 같은 노래를 듣는데 왜 눈물이 나는걸까요.."
624,  ᄋᄋ,와 김용준 존나 잘생깄네
625,  VINGLE,내사람 다같이 부를때 화면에 잡히는 사람 목소리 조금 더 선명하게 들려주는 섬세한 센스도 진짜좋음
626,  Good Good,진호님 방송에서 많이 보고싶어여~~~ 라디오 진행도 맡으면 좋겠네요~~~
627,  루나12,sg워너비땜시 3개월전후의 일상이  완전 바뀌었어요~~새벽 댓바람부터  너튜브로 출근함서쿤씨 책임지세요(❁´▽`❁)(❁´▽`❁)
628,  김진현,오빠들도 좋은 사람들..💕💕💕
629,  박미나,나이는 또 나만 드나봐..중딩때 mp3에 담아서 듣던 시절이 있는데ㅠㅠ이 오빠들은 나이를 안드셔😂근데 진짜 노래부르시는데 다들 너무 행복해 보이셔서 좋다😊
630,  heen kyne,놀면뭐하니 고마워요. 칭찬해요. 엠뚜루마뚜루 워너비 영상 많이 올려주세요^^
631,  이예린,놀면 뭐하니는 나이 성별 불문하고 모두에게 행복과 즐거움을 주고 갖게하는 좋은 프로그램인것 같다
632,  Pure Angel,무도가 가고 허전했는데 놀뭐가 찾아와서 행복해요!
633,  이진규,아 진짜 엔딩장면 얼마만에 보는 멋진장면이냐 진짜내가 다 뭉클해지네
634,  lil_lin,엄마 내가 다시 한번 말할게…나 유부남 좋아해
635,  Rachel Kim,석훈쌤 생머리 오대오 너무 청순해…용햄 살빠지나까 더 잘 생겼고 여기서 킬포는 오늘도 블랙 입은 블랙러버 진햄+ 12:30 막내 애드립에 터져버린 쿤쌤
636,  SG 워너비 저장소 ,어!!!!! 대박 영상 올라왓다😎😎😎😎😎😎😎😎😎😎😎
637,  whdsk aldwls,박재정 이석훈 되겦좋아하네ㅋㅋㅋㅋㅋ 이석훈 파트마다 감탄함ㅋㅋㅋ
638,  김예진,미쳐따....듣고있는내내 행복하네요
639,  alley Wall,진짜 sg워너비와 10대 20대를 같이할수 있어서 너무 감사하다
640,  하미란,댓글 생애최초로 다는데정말 최고의 무대네요감사합니다 코로나시대에비대면콘서트 계속보겠어요
641,  onos2,살 빼고 돌아온 레전드ㅋㅋㅋ 레전드 무대 볼 수 있도록 해주셔서 너~~~~~무 감사해요♡♡♡
642,  강대원,노래 부르는면서 행복해하는게 눈에 보이네 좋아보인다
643,  터 윈,노래할때 젤 행복해보여 김진호 존멋💜
644,  Jin J,노래의 감정이 그대로 전달 되서 가사도 너무 잘들리고.. 저도 모르게 눈물 났네요..ㅠㅠ 노래를 부르는게 즐거워보이고 이렇게 행복해 보이는 가수는 두번은 없을 것 같아요ㅠㅠ😭 다시 같이 노래하시는걸 봐서 그저 좋네요..♥️
645,  뚜까등짝,sg워너비 신곡- 넌 좋은 사람도 많이 사랑해주세요. https://www.youtube.com/watch?v=LcAbI7-6T6E
646,  Jeongheeyoon,노래를 끝까지 들어본건 sg워너비가 처음..
647,  김민지,올해 최고의 나나나는 sg워너비가 다 불렀다 4:44 20:35
648,  억지추억.,"아 앞으로 2021번만 더 봐야지,,,"
649,  고범서,좋은노래 항상 고맙습니다
650,  영심이,최고의sg워너비♡지노용준 석훈잘어우러지는세사람사랑입니다~♡
651,  이꾸,sg워너비 노래를 들으면 뭔가 쏴악하는 느낌이 오름
652,  Clara Jung,모르겠다 미쳤다 그냥 미쳤음
653,  아기엄마,여러분 넌 좋은 사람 스밍 같이 돌려요~~ 신곡 음원 성적이 좋아야 Sg워너비 활동에 도움이 되잖아요~~~
654,  유순열,맞아요 요즘 아이이돌노래 말고 SG워너비 노래 최고로 좋아요 들을만한 노래가 없어요 SG워너비 노래가 최고예요
655,  이한설이,4월 놀뭐 3개월째 반복하고 있었는데 이렇게 새로 들을 거리 줘서 고마워요 햄들♡ SG워너비 노래 듣는 게 일상이고 힐링이에요 앞으로 좋은 노래 더 많이 들려주세요 그리고 삼햄 웃는 거 너무 이뻐요❤
656,  김수지,"진짜 감동이다 ,,,, 유재석이 얼마나 대단한 사람인지 다시 한번 느끼게 되는 저런 가수들이랑 배우가 어떻게 한자리에 모여서 노래를 불러 유재석 아니면 절대 불가능이지 라붐 상상더하기 역주행도 그렇고 진짜 너무 좋은 곡들 다 역주행 해서 보다가 눈물남 감동이야 ,,,"
657,  이채은,이 무더운 여름에 이게모야 에어컨이 따로 없네 기분도 노래도 몸도 마음도 다 시원해지는 건 sg워너비 때문이겠지?진짜 너무 좋다💙
658,  SK,2시간 연속재생 이런거 해주세요20분은 너무 금방가요 ㅠㅠ
659,  긍정의힘,워너비~~영원하시길♡진정한 가수~~♡
660,  Shyla Heo,영상만 봐도이렇게 좋은데 바로 옆에서 들으면 어떤 기분일까..
661,  JH,역시 예전 노래가 좋아~중3인 딸도 요즘 아이돌 노래 들을거 없다고 예전2~ 3세대 아이돌 노래가 더좋다고 자주 들어요~
662,  zin na,진짜 해바라기 너무 좋다
663,  백호 BH,지금 본건데 뒤에 분들 너무 부러웡 나도 저기 뒤에서 노래하고싶다..
664,  ᆞ지선,도대체 아이엠그라운드는 왜하는거얔ㅋㅋㅋㅋㅋㅋㅋㅋㅋㅋ
665,  ice3333,요즘  침체된 내 생활에 활력소 SG워너비 영원하라~~!!!
666,  누텔라,바라만본다도 풀어주실거죠? 믿습니다
667,  이효진,찐한감동에 눈물이 주르륵 주르륵~~~
668,  현이,오빠들 바라만본다랑 나를 아는 사람 제발 풀어주세요🙏🙏🙏
669,  신현주,아리랑 부를때 유재석 리액션 나만 귀엽냐 ㅋㅋㅋㅋㅋㅋㅋ
670,  이무짱,내가 이영상 조회수 10만 올릴예정😎😎😎
671,  김진호,마지막 무대 진짜 감동이네
672,  수수,노래 진짜 좋다😁
673,  lina k,제발 트롯트 그만 ! sg워너비 화이팅!!!영원하라!!!!!
674,  Joon Hwan Kim,19:50부터 떼창 너무 좋아ㅠㅠㅠ 나이스좌가 나이스 나이스 하는 것도 흐뭇하고 아 이런 장면을 보게 되다니 아아
675,  할로,각각의매력이 넘쳐요
676,  김정순,우리 한국의 고유에 문화를 세계 만방에 알리면 하는 영감이드네요
677,  가나다라,아이엠그라운드 같이 따라한사람
678,  s-y,용준오빠ㅜ목소리 너무 좋아♥️
679,  santape12 34,워너비는 진짜 추억이다.잊지못할...
680,  JIN,진짜 목소리 합이 다들 너무 잘어울리고 Mp3들고다니던 중학교로 돌아간줄..ㅠㅠㅠㅠ 너무 좋다
681,  이선미,유재석 머리장식  매듭이 .크게 매달려있네 ㅋㅋ  그리고 노래는 아리랑....다 우리꺼야..
682,  김행복,놀면뭐하니감사합니다ㅜㅜ워너비 사랑합니다넌좋은사람♡♡
683,  WB ss,죄와벌 너무 기대햇는데 아쉽..
684,  엄희연,엠뚜루마뚜루 !!! 기다렸다구요 😭💙💙💙
685,  꽁며기,sg형들보면 진짜 가슴이 웅장해진다 빨리 신곡내놔여 미쳐버리기전에 ㅠㅠㅠㅠㅠ
686,  이_,SG워너비 사랑해..
687,  M얼음꽁 M,드뎌 올라왔네요..직캠으로 하나씩 보는것도 좋았지만한번에 볼수있어서 더좋네요^^주말동안 엄청행복했어요..넌좋은사람 노래도 너무좋아요~~방송에 자주자주 나와주세요나오면 이렇게 서로에게 행복한시간이 되잖아요!Sg워너비 최고!!!
688,  Jihyung Son,아. 학생시절 추억 되살려줘서 고마워요ㅠㅠ 타임슬립 갑시다
689,  Marah 94,Sg워너비 사랑합니다 진심으로❤️ 오래오래 노래 불러주세요
690,  정선근,진짜 감동이다~ 무슨 말이 필요할까?
691,  ᄏᄏ루삥빵뽕,"요즘 들을 노래 없었는데 그시절 그감성 다시 깨워주셔서 감사합니다 .. 추억의 노래들 다시 되돌아보게 해준 놀면뭐하니, 이런 좋은 노래 불러주신 sg워너비 고마워요 !!!!"
692,  Andyryu,진짜 울고싶다 와.... 😭😭😭😭😭😭
693,  Heraclass Han,넘 감사해요!!! 복받으실거예요!!!!
694,  Serendipity,하루에도 몇번을 오는지 ㅠㅠㅠ 올때마다 옛날 생각나면서 오빠들 목소리에 가슴이 벅차요🥺
695,  봄여름이아빠,찐가수~계속 활동해주세요~
696,  행2,채동하 보고싶다 그곳에선 행복하기를..
697,  백숙향,빠질 수 밖에 없는 세 분^^넘 좋아요^^나이스입니다.방송에 자주 나와주세요^^
698,  JU NE,같은 시대를 살고 있음에 감사합니다..ㅜㅜ
699,  SabanaPenguin,제발 코로나 끝나면 9000 뮤직페스티벌 좀 해주세요 존나 몇박 몇일이든 무조건 풀참할게요 진짜
700,  레지옹,중공괴뢰들이 아리랑 부르지도 못하는 것들이 지네들 꺼라 우기는 시점에 ... 아리랑 불러 주셔서 감사합니다.
701,  전영애,진호~~~~흥해라^^
702,  Lee,17:53 KCM 먼데ㅋㅋㅋㅋㅋㅋㅋㅋㅋㅋㅋㅋㅋㅋㅋㅋㅋㅋㅋㅋㅋㅋㅋㅋㅋㅋㅋㅋㅋㅋㅋ
703,  P Y,무대영상 드디어 ㅠㅠㅠㅠㅠ 이번에도 무대존잘들이었어요ㅠㅠㅠㅠ 노래너무좋아....🌻🌻🌻
704,  오가니아 Ogania,20:14 마지막에 내 사람 후렴 다같이 부를때 msg워너비 멤버분들 한분한분 화면에 잡히는데 그때 그 멤버 목소리 더 키워서 멤버 목소리 더 잘 들리게 해준거 실화에요?!
705,  김신영,지금은 성인이지만 어릴때 MP3로 노래 진짜 젤 많이 들었던 그룹><
706,  보아,오늘도 출석합니다👋🏻 sg워너비 콘서트 존버ㅜㅇㅜ💕
707,  Garm An,진짜 노래부르는거보면서 너무 행복해져요ㅠㅠㅠㅠㅠ
708,  데일리SSUL,빨리 코로나가 사라지고 일상에서 친구들과 어깨동무 하고 노래방에서 저렇게 놀고 싶다…
709,  율이,세 명이 함께하니 아주 나이스 ~ 너무 좋아요ㅠㅠㅠ 요즘 sg워너비 노래 제 음악 점령중 ㅎㅎ
710,  강뾰롱뾰롱,진호야 교주같어
711,  강참치ver,방송버전으로 꼭 보고 싶었는데 감사합니다ㅠㅠ 직캠은 직캠의 매력이 있고 방송도 편집된 매력이 있네요
712,  -대학가자,정말 너무 좋다ㅠㅜㅠㅠㅜ 들을 때마다 가슴이 벅차오름.... sg워너비 고마워요ㅠㅠ
713,  Chang Yun Jang,나만 충주시 홍보맨 생각으로 가득한가....
714,  서경덕,마지막 내사람 같이부를때 저도 덩달아 행복해지네요 고맙습니다
715,  손재민,"3개월전 유야호 1,2 영상보면서 진짜 재밌었는데 조회수가 벌써 763만되었습니다.이게 다 놀면뭐하니? 제작진 덕분에 SG워너비 라붐 VOS 빅마마 100회특집 같이 즐길수 있게 해주셔서 감사합니다. 더위조심하시고 코로나 조심하시길 바랍니다.유야호~~~~~"
716,  Y Choi,이서쿤 노래는 역시 대박! 👍👍
717,  1 BDJT,이렇게 다 같이 즐기는 모습이 너무 보기좋아요 ㅠ 빨리 코로나 풀려서 지인들과 저런느낌 받고싶네요...
718,  박재민,너무 분위기 좋다
719,  이경옥,역시 👍👍👍SG워너비  신곡 좋아요매주 놀면뭐하니 방송 OK 👌👍찐팬 너무 빠져듭니다 ❤❤❤
720,  김혜영,신곡  넘무 좋아요.가사도  대박  사람들도대박  진호 용준  석훈최고  노래 굿 나이스 와우귀요미  계속듣고있어도지겹이도 안아요. 최고
721,  JS W.,제발 이제 앞으론 숨지 좀 말아요. 우리가 그대들을 격하게 원한다구요. ㅜㅜ
722,  권형준,숫컷은 워너비  암컷은 빅마마  더이상 수식어도  형용사도 필요없다....그냥  이 두 팀이면  세상도 씹어 먹는다.... 이게 팩트!!!!
723,  이지현,이분들 노래는 가사가 참 이쁘네요~~ 나이스👍👍👍
724,  유블리,역시 너무 머시썽..❤️
725,  왈왈,헤어 나올 수 없다 ....
726,  jinminnie78,정말 국가대표 🤍 그들의 영향력으로 만들어진  2021 선물 MSG 워너비
727,  박경열,죄와벌도 불러주세요 제발ㅠ
728,  EK Kim,저번 콘서트 매일 듣는데 요걸로 갈아타야겠네요
729,  N A S H I L,Sg wannabe 바라만본다 커버 진짜 딱한번이라도 해주세요ㅠㅠ 진짜 너무 듣고싶어영ㅠㅠ
730,  김지영,WOW~~~진정한 가수 진호씨 !노래하는  모습이  너무 행복해  보이고  에너지  넘치는  모습에  보는사람이  행복해지네요.  나이스~
731,  밍밍,모음집 기다리고 있다가 얼른 들어온 1인입니다3개월전 내모습처럼...이제 하루 종일 이영상만 듣고 있을 저를 그려봅니다. 정말 노래부르면서 행복해하는 용리다 보고있는 우리들이 행복해요♡팬들을 진심으로 아끼는 마음이 가사에서... 노래부르는... 내내 느껴져서 보는 내내 뭉클 했어요♡
732,  마그또,오늘도 용리다 보러♡
733,  Maestro Kim,어쩜 이리도 노래들을 잘할까?
734,  원래,반갑다 반가워 증말♡
735,  KI KI,"기침나무 ,, 한번쯤은 불러주실 줄 알았는데 ㅜ 아쉽네요 ㅋ ㅋ ㅋㅋ ㅋ ㅋ ㅋ ㅋㅋ ㅋ ㅜ ㅜ 그래도 넘조흠"
736,  이선주,기침나무는 방송사고감..ㅠ
737,  SG 워너비 저장소 ,Kichim namu.....
738,  RRYAZDEEONN apemix,다 행복해보여서 좋다 ㅎㅎㅎㅎ
739,  빛,나 SG워너비 좋아했네..
740,  선진원,원더풀  ~!
741,  클라위베르트,마지막에 너무 멋있다ㅜ.ㅜ 사랑한다 sg워너비ㅜ
742,  b321ss y,19:58 다같이 부르면서 즐기는거 너무 좋아ㅜㅜㅜㅜ
743,  먹방은뿌링클만보면서시켜먹는건후라이드,우리의노래 듣다가 울컥😭
744,  김연운,아리랑 진짜 넘 좋다 들어도 들어도 질리지않아요
745,  ro se,대환장파티 귀염뽀짝 갬동 W🤣W정말 감사합니다 좋은 추억 만들어주셔서😍😍😍
746,  웨이만💋,와~ 역시 👍🏻👍🏻👍🏻👍🏻👍🏻
747,  지나치는사람,소심하던 내가 고등학교때 무슨 생각으로 장기자랑으로 이 노래를 부르겠다고 했던건지 ㅋㅋ2등했었는데  벌써 몇년전이냐 ㅋㅋ
748,  무야호,요즘들어 과거가 그리워집니다 그때의 노래가 그리워서 그런거겠죠 .. 앞으로 오래오래 노래해주세요 팡수는 벌 좀 받자;
749,  이경옥,김진호 열창 감동역시 👍👍👍👍👍TV 📺🖥📺 자주 ~~~❤❤❤❤❤❤❤❤❤
750,  안병준,"내가 SG워너비, VOS 를 왜 그리워했는지 이제야 알겠네.이게 가수야. 얼굴, 몸매이쁘고 춤만 잘추는 댄서가 아닌 이게 진짜 가수야. 노래만들어도 힐링되는 이런 경험자체가... 감사합니다"
751,  김소정,행복하고 감사해요워너비가족들
752,  account,바라만본다 해주세요ㅜㅜㅜㅜ
753,  김병수,SG 워너비~   찐 사랑해요^^
754,  고종보,나의 워너비 형들...신곡도 대박 나세요!!!나이스~wow~항상 좋은 노래 들려주세요~~
755,  인터넷카드결제,노래 듣는데 울컥한건 나 뿐인가?
756,  bella,정말 최고의 sg워너비~ 콘서트 가고싶어요 ㅜㅜ
757,  이혜은,우리 이제 이별 안하는거 맞죠??^^ 늘 우리들 곁에 있어주기!! 약속~~♥♥♥
758,  슈거슈가슈,빌어먹을 코로나가 빨리 끝나야 할텐데
759,  용용,하 너무 좋다
760,  펭러뷰,영상 진심으로 감사합니다..
761,  상큼미소0탁,용준씨 화이팅~~
762,  박재준,감사합니다 이런무대 만들어주셔서
763,  김희성,기다렸쟎아요!
764,  지연 조,볼수록 더좋으니 어떡해요ㅠㅠ
765,  김수영,주체할 수 없는 감정! 감사하고 감사합니다!❤️❤️❤️❤️❤️
766,  달려라토마스,진짜 그냥 좋다~♡♡♡
767,  ji soo shin,내사람 떼창 저만 눈물 핑도나요ㅠㅠ찡해
768,  석지웅,0:57 누나도 cd삼켰네 ㄷㄷ
769,  이효진,"이석훈, 김용준, 김진호 나이스👍"
770,  soyeon park,너무 행복해요~ 이렇게 추억하게 해주셔서 감사합니다^^♥♥
771,  wookie studio,20:55초 목청대결 ㅋㅋㅋ
772,  레지옹,역시 소몰이 창법이 제맛이죠 👍
773,  장지만,나이스
774,  ᄏᄏ할루,김용쥰.. 사랑해 ... ❤︎
775,  김시우,박재정 내사람 ㅁㅊ네..
776,  Tina Jung,아 콘서트 너무 가고싶다~~~~
777,  또치,Sg 워너비 버전 노래도 빨리 내놔요....
778,  김수빈,노래해줘서 고마워요 💛 에스지워너비 소중해 🌻 살 안 빼도 귀여워~~
779,  Double J,형들 정말 감사하고 사랑합니다 늘 건강하세요!!ㅜㅜ
780,  펭수짱!!!,5곡 불렀는데 순삭이닷~!!!
781,  밍기적,오늘도 왔다….
782,  권미영,닭되겠네.. 이여름에 닭살이 너무 돋아요....  우리의노래.. 너무 좋은곡 알게 해주셔서  감사하모니카~~~~❤❤❤❤❤아~~~ 너무 좋다😭😭😭😭😭😭😭😭
783,  seung han Ryu,다른 노래들도 너무 좋았지만 와... 우리의노래는 진짜 너~~~~무!! 좋았어요!! 저만 좋았던 것이 아니라는 걸 알려줘서 감사합니다.
784,  ᄒᄉᄒ.,오그라드는 자막 없어서 너무 좋다...ㅠㅠㅠ
785,  Seoki,신곡 좋네
786,  와우와우,유재석이 만든 또하나의 작품
787,  명왕성에사는 여우,밥먹으면서 노래듣고 보다가 울컥했어요ㅜㅜㅠㅠㅠ 😭😭😭
788,  업힐러,너무 좋자나..
789,  늑냥이솜털,너무행복했어요 앞으로도 행복하게해주세오
790,  e ka,또 잊고살던사람 흔드네🤦‍♀️🤦‍♀️🤦‍♀️🤦‍♀️
791,  Wonsik Kim,sg워너비의 멜로디도 불러줬으면 좋았을텐데 그래도 너무 좋네요 ㅎㅎ 진짜 멜로디 띵곡!
792,  STEVE Byun,인정 ㅜ 근데 명곡 아닌거 찾기가 힘듦ㅋㅋ
793,  Wonsik Kim, @STEVE Byun  전부 다 명곡이긴 하죠 ㅎㅎ
794,  김아름,하...너무좋다❤❤❤
795,  신연정,들으면 들을수록 설레어요.
796,  깜찍이언니,아리랑 👍👍👍
797,  Eungyul Go,잉 ㅠ 너무 좋다 ㅠㅠㅠ♡♡
798,  우리 개는 물어요,바쁘신분들은 00:00초 부터 보시면 됩니당
799,  보아,유스케님! 당장 sg워너비 스페셜 제작하세요!ㅜㅜ맞아요!협박이에요!
800,  에스텔,갓스지워너비는 셋다 너무 출중한 가창력이지만 김진호가 가운데서 중심을 잘 잡아줘서 더 돋보인다고 생각한다. 김진호 무대장악력은 어나더레벨👍👍👍
801,  수호천애,ㅠㅠ 세명 다 넘 좋아~^^♡나의 행복 바이러스~♡♡♡
802,  Good Good,대박 예슐
803,  이얄리짱짱,바라만본다~~~  한번 불러줘용~~~~~~
804,  Yeonjung li,너무 감동이여요. 빅마마. Sg워너비. 넘사벽요.
805,  뭔지알지?,유야호~~~  !
806,  석뿌,꿀잼
807,  서현덕,김태호 피디님 감사합니다
808,  휴지,아니 근데 어째서 죄와벌은 한번 안불러주시는 것임ㅠ
809,  오로라,너무 좋다~~~
810,  정재욱,왜이렇게 급하게 끝내나 했더니 올림픽때문에 3주 결방..... 하...
811,  쿠딩딩,부르는 사람도 보는 사람도 즐거운 영상😁
812,  8 5,너무너무 좋아요😍
813,  ᄏᄏᄏᄏ,내사람 다같이 노래부르는 거 너무 좋네요ㅠㅠㅠ msg와 sg의 케미 너무 좋아요ㅠㅠ
814,  TN IR,they're nice and wow!!!!!!!!!! 💯
815,  정경아,SG워너비 나이스!!!!!
816,  사랑스런 으뉘🤗,유야호~~~~~~🤗
817,  pamelamelatan,The men getting teary-eyed during Our Song hits really hard. Even I was trying to hold my tears back. MSG Wannabe forever! All the love from Salts ❤️
818,  pamelamelatan,"SG Wannabe, it was a pleasure to have met you in the program. Your amazing vocals and songs really touched my heart ❤️"
819,  Autumn Daisy 태국 어텀데이지,우와... 정말 말이 필요없네요..
820,  유희영,노래미쳤다ㅡ오바ㅡㅡㅡㅡㅡ끝나ㅡㅡㅡㅡㅡㅡㅋ
821,  Hwa jung Kim,넘 좋아요😄 노래 자꾸 듣고싶네요~!
822,  아라 정,아 이번 무대에서 가시리 불러주길 바랬는데 ㅠㅠㅠ 옆에서 케이씨엠이랑 같이......
823,  김수현,너무 멋있습니다!!
824,  Sin e,Stay 언제 불러주시나요...ㅠㅠ
825,  다이나마이트love,우리의 노래 듣는데 울컥하네요. MSG/SG워너비 덕분에 행복했어요.  너무 좋은 사람들♡
826,  지완,캬
827,  춘삼엄니,간만에 살맛납니다  다시들어도 행복해지네요 가슴에 없어진줄알았던 뜨거움이 다시 올라와요~~감사합니다~~
828,  이마로,김진호는   노래하려구   가수하려구  태어난사람 ~~wow
829,  윰,나이스!!!
830,  최신세리,슈가맨들이 나왔어 1에는 KCM 3에선 김정민 락커가 쌈디도 슈가맨으로 나왔으면 좋겠는데
831,  Cheng Yuan,너무 너무 좋습니다 !!
832,  mj lee,용준오빠 헤메와 코디 ㅠ.리즈시절 헤어로 해주세요.어려보이게.살 좀더 빼고요.피부관리도 받구요~~
833,  YB L,아침부터 소름돋음
834,  송채연,유느님..!!ㅎㅎ워너비닷.....🦚🌟✈️🌟🌟🌟🌟🌟콘서트~!기대할께요 .👍
835,  임노을,노래 너무너무 좋아요.~^^중간에 울컥하기도 ...ㅋ
836,  곽두팔,아리랑 들으면 가슴이 웅장해짐…
837,  myong myong,이영상 기다리고있었는데 감사합니다
838,  이한규,12:28ㅋㅋㅋㅋㅋㅋ
839,  개구리,역시
840,  ssince2009,대중가요를 듣지 않았던 제가 sg워너비 서쿤님에게 잡혀 sg워너비만 찾아다니고 있네요. 첨부터 수준이 높은 가수 픽을 한 탓에 다른 음악을 듣지 못한다는 단점이 있지만 귀는 여전히 호강한다고 하네요. sg 승승장구하시길 바랍니다. 제 귀가 늘 호강하길 바랍니다^^
841,  JHyeon S,사 랑 해 요 ♥
842,  미닝,덕분에 재미있었어요. 최고👍
843,  으녜으녜,기다렸어요ㅠㅠ역시!!!열일해줘서 고마워요
844,  개라리맘,우리의 노래 듣는데 우는중..
845,  키약,다음엔 밴드로 만들어서버즈도 해주세요ㅠㅜ
846,  JHyeon S,내 사람💯😍
847,  박서연,단체로 내사람 불러줘요.. 너무 좋아요 음원으로  ㄱ ㄱ 진짜 단체로 같이 부를때 왠지 모르게 울컥하고 너무 좋았어요
848,  Lind 99,바라만본다도 불러주세요ㅜ
849,  purple you별빛,방송에서 자주보고싶다~ 신곡도 너무좋앙♡
850,  건빵TV,캬ㅡㅡㅡㅡㅡㅡㅡㅡㅡㅡㅡㅡㅡ역시 sg워너비
851,  김형대,김진호 개 행복해보이네너무 즐기는거 같다 자신의 세계를저런거 경험해본사람은 무슨말인지 알듯
852,  호호오옵,추억이다ㅜㅠ
853,  양덕팔,아리랑 무대 너무 이뻐요...💚
854,  ㅇㅅㅇ,2:36 샤코
855,  정깨비,대박..대박...너무너무 고마워요
856,  아름다니엘,sg워너비의 짝짝꿍  댄스  세상 귀엽네요 세분이서 많은 활동 하시면서 TV 에도 많이 나오세요  김진호님 장난기 귀여워요  우리의  노래는 제가 첨들어 봤는데 참 뭉클하더라구요
857,  letterz,🤭🤭🤭🤭
858,  ᄆᄆᄆᄆ,내 사랑 울보 기대했는데ㅠㅠㅠ
859,  도프수파,소몰이 등장인가..
860,  김기환,감수성돋네
861,  해바라기,까아아아아~~~sg워너비 노래들려줘서 감사해요 용준 용준 용준 ^^~~~
862,  수미르,유 야!!!
863,  김Jay,김진호 봐라.. 저렇게 신나서 노래부르는데 듣는 사람이 어떻게 안신나게 들을까 정말 국보급가수
864,  mary rose,우리들의 노래가 되어준 msg워너비가 너무나도 그리워질것 같아요 즐겁고 행복하게 해준 그 시간들 소중하게 간직할 겁니다 사랑합니다 모두를 기억합니다☆감동주의보☆
865,  ch-tea,모음집 🙏
866,  엄쏘,17:53 호롷롤 춤추는 강창모님 덕분에 다들 빵터져서 너무 행복하다🥰
867,  동동동,우리의 노래를 왜 이제 알았을까요 가사 한구절 한구절이 와닿아서 뭉클했습니다 갓띵곡🌼
868,  Rudolph NC,아니 해바라기 라이브 음원 따려고 했는데나이스가 웬말이여 ㅋㅋㅋㅋㅋ....
869,  Donghoon Lee,ㅋㅋㅋㅋㅋ
870,  고이퉁쳐,8:54 이걸 보는 내 표정
871,  max chicken,너무 행복한 20분..
872,  duple,조아 진짜
873,  화순,소름돋으러 들어왔다가 부랄까지 탁치고감
874,  민성,동하형이 저 자리에 있었어야 했는데 언제나 그립고 보고싶습니다...
875,  기쁠희희,12:30 아 웃는거 진짜 좋음  ♡ (유부녀인데 유부남 좋아해 나 ㅠㅠ)
876,  내일오늘,넌 좋은사람이 유야호에게 하는말 같이 들리네요~ 너무좋아요
877,  EJ Lee,하아.. 이서쿤 미모 무슨 일이냐! 애 아빠가 저 세상 미모면 어쩌자는거임?
878,  랄라랄라,집안일할때  노동요^^  너무  조으다~  울지노 서쿤 용쭌 사랑합니다!! 울 동하도♡♡♡
879,  고먐미,진짜 세명 목소리합 미쳤다....
880,  So Lim,바라만본다 커버도 부탁드려도 될까요~~~^^*
881,  alley Wall,0:00 부터 하이라이트
882,  피즈치자,유느 사랑해요 감사해요 오래사세요
883,  포퐁니,Sg워너비 x msg워너비 공동콘서트해도 멋있을거같아요 무조건간다😭😭😭😭😭😭
884,  예지니,미친다 김진호…❤️❤️❤️ 3:33 김진호의 나는 천번을 다시 태어나도 그댈 사랑합니다는 진짜……👍👍👍아리랑 2절 후렴 3:20
885,  박정애,전내사람이   제일좋네요👍👍
886,  김은하,좋아요 ㅠㅠㅠㅠㅠ
887,  Kate Lee,11:57 원슈! 어쩔꺼야ㅠ. 너무 사랑스럽잖아  SG워너비 노래 다시들으니 너무 행복하네요
888,  mina hong,넌 좋은 사람 출근할 시간인데도 몇번이고 반복해서 듣고 있네요.. 세상에 소리쳐 너를 사랑한디는 그마아알~~~~ 이부분 진심 소름 ....♡♡♡♡
889,  zzang moon,가시리도 듣고싶다ㅜ.ㅜ
890,  썽,모든게 완벽했던 이 날
891,  정도훈,kcm 뱀춤 진짜 ㅋㅋ
892,  Youngs Park,내리는 종이 하트였네
893,  이승현,빰
894,  킹크랩,콘서트  준비해주세요
895,  이경은,요즘 코로나 물러가서 sg워너비 콘서트 가는 게 소원이예요!
896,  될대로되라,김치맨형님 열심히 하네ㅋㅋㅋㅋㅋㅋㅋ 좌우로
897,  진주원,💙💙
898,  민이 잼,꾸ㄹ잼
899,  완용 정,이날 보는내내 용준이 얼굴에 그림그린 메이컵 욕만 했는데. 도대체 왜~~~~~용준이 한테 왜그러냐구 ㅠㅠ. 그걸 가마니 보구만 있던 용준이도 화가난다. 누가 가마니 아니랄까봐. 이쁜 얼굴을 어떤ㄴ이 저랬냐구. 화난다 진짜
900,  행복가득,화나요. 정말 ㅜㅜ
901,  healingk,방송 자주 하면  나아지겠죠  난 왜 마냥 좋지ㅠ
902,  돌체콜드브루,헤어랑 메이크업 좀 할많할않 😔의상도 울 오빠 살 빼서  날씬한데 댄디하게 입으면 더 좋을텐데🤔🤔
903,  정지혜,21:25
904,  J🌻H,진호님 센스쟁이~~^^MSG워너비~사랑~~~해~~~~~~우우
905,  레이튼,용준이형 다래끼난줄...
906,  아서왕세이버,20:50 뭔가 웃기넹ㅋㅋ
907,  김동진,내사람때 MSG워너비 나와서 노래부르면서 한명씩 카메라에 잡힐때 목소리 잘들리게 편집한게 대박이네
908,  아기엄마,MBC는 사랑입니다~♡용주니 내꺼~♡
909,  Tyler ibnida,김치맨형님도 있는데 가시리해주지ㅠㅠ
910,  P ill,진호형 세상에 소리쳐 사랑한다는 그말~ 할때 소름이 쫘아아악
911,  난나야,귀 호강했어요~~~계속 활동해주시길~~
912,  silllver rain,후라이드 간장치킨  백숙같아요. (무대가 맛깔난다는 뜻
913,  쪼아용유진,오빠들마지막감동이네요  울컥할것같아요 sg워너비팬이라서행복해요  아프지마요 계속돌려보고있어요 msg워너비  활동비록끝났지만  본업돌아가도개인활동해주세요
914,  돌하르벙어리,형들은 김진호가 귀여운가봐ㅋㅋㅋㄱㄱ아기로보네
915,  다음팟수,kcm 이랑 가시리 한번 불러주지 ㅜㅜ
916,  E Sung,20:20 갓재정 화음무엇ㅜㅜㅜㅜ
917,  나이로비를위해,진호형 행복해보여서 너무 좋습니다 ㅠㅠ
918,  김문기,마지막에 다같이 부르는 거 너무 좋다ㅠ
919,  라니,김진호 대박~~sg워너비 대박 울컥합니다
920,  채현석,작곡에 조영수 작사에 안영민 노래 SG워너비 =무조건 히트
921,  데이드림,"김진호 프리롤, 습사 메시, 지림"
922,  여름시러,용준님 메이크업 진하게 하지마요 첨 놀뭐 나왔을때 곰돌이처럼 순둥한게 매력이라구요  눈썹 눈화장 무슨 129 헤메코 담당 싹 바꿔요
923,  권영순,김진호가수  최고다  매력덩어리와~우나이스
924,  성발드,진호 형님 진짜 행복해보인다 ㅋㅋㅋㅋㅋ
925,  이꼬르,뒤에 장구  치는 분들 한번 시선 뺏기니깐 계속 뻇기네....하...ㅋㅋㅋ
926,  전상대,KCM도 있는데 가시리 한 번 불러줬으면 좋았을텐데 아쉽네
927,  문학 여신,이석훈씨 목소리 정말 따뜻하고 편안하네요. 응원합니다!!!!!!!!!!
928,  C helen,16:28 용준 미성에 빠진 MSG워너비 이상이 재정 기석 흐뭇하게 바라보는 선배 창모....
929,  찌나아,13:08 우리의노래 이건 멜론에없나여??
930,  무미랑,있는데요
931,  옥돌,역쉬 그대들입니다.세 분 감사해요.SG워너비 나이스.행복하다.
932,  뭘석,12:30 아닠ㅋㅋㅋㅋㅋ
933,  푸름,20:14 뭔가 찡해서 눈물이 나는데왜 주문한 앨범은 오늘에 와서더 먹먹하게 하는거예요ㅠㅠ포카 너무 귀여워요특별한 핸드폰 그립도 좋구요김부가기가막혀도 누룽지도 맛있어요고맙습니다 msg워너비♡2집까지 존버.존버는?성공한다.
934,  노인치고여신,"화려하고 멋있는 명품으로 도배한 사람들보다, 겉모습도 노래도 화려한 요즘 아이돌들 보다 MSG워너비, SG워너비에 더 끌리는 이유를 생각해보니 우리가 원하는 건.. 그들이 노래로 들려주는 마음이었던 거 같다ㅠㅠ 온정.. 뭘 입고 뭘 하는 지가 중요한 게 아니라. 노래할 때의 마음, 듣는 사람도 느껴지는 진심ㅠ 그게 전해지니까 울림이 있는 거 같다. 그냥 그들이 불러준 노래를 듣기만 했는데 뭉클하고 행복해ㅠㅠ♡ 노래를 듣는 것 만으로도 행복을 느낄 수 있다는 걸 다시 한 번 알게 해준 고마운 사람들.. 당신들 너무 사랑해.. W0W~"
935,  서두봉,우리 학창시절 노래방가면 모두 소가 되었지그때가 그립지만 이 음악을 지금도 라이브로 들을 수 있는 것에 감사할따름🙏코로나여 얼른 종식되거라⭐
936,  라니.,악!!!!!!사랑해요!!!!!
937,  킼키kickkie,20:44 유느님 뭔가 이 모습을 보려고 지금껏 달려오신 기분ㅠㅠㅠ
938,  윤지호,12:28 이석훈혼자
939,  푸른하늘,서쿠니 자꾸 웃으니 너무 설레는데ㅠ외로운 유죄좌ㅋㅋㅋㅋㅋ 웃참 실패하고ㅋㅋㅋㅋㅋ 솔로무대ㅋㅋㅋ 감동과 재미가 함께 있는 방구석1열 레전드콘서트를 보았다 ❤❤❤
940,  JJ K,아침부터 영상보고 텐션올랐어요 기분이좋아지는 영상입니다
941,  서쿤서쿤,진짜 찐이다 👍 👍 👍 👍 👍 콘서트가서 라이브 듣는 날이 하루빨리 오길!!!!
942,  fleurbleue,"우리의노래 진짜 좋다,,"
943,  서윤 이,넌 좋은 사람은 이석훈 도입부에서 끝났다도입부 듣고 현실로 엄지 치켜올렸네
944,  정야호,우리의 노래 너무 좋다
945,  빈스어l비뉴,노래가 굉장해요~  우리 용준씨최고 !~ 김석훈 입모양이 야무지지못해 노래가 다 흘러내림
946,  조현민,지노 넘 귀여워~~
947,  때니얌,숨겨진 띵곡 우리의 노래.. 드디어 빛을 발하네요 ㅎㅎ 앞으로 라이브로 많이 들려주세요!
948,  59 1,MSG워너비 아쉬워요~ 또 보고 싶어요.SG워너비 최고예요👍👍진호님 귀여워요:)
949,  Suji Kim,김정민 표정 귀욥..
950,  리링띠,와 김진호 미쳤네~~~노래짱짱맨이네
951,  김군,광섭아 보고잇나? 우리들의 노래다
952,  못말리는SH,이석훈한테서 언제 헤어나갈수있죠...........
953,  김남호,이 영상 그대로 직캠으로 나오면 좋겠다..
954,  SweetSori,All 직캠 is uploaded on 놀면뭐하니 channel
955,  묻고 더블로 가,12:30 자기 놔두고 MSG워너비 쪽으로 간 멤버들 때문에빵 터진 이석훈 ㅋㅋㅋㅋㅋㅋㅋㅋㅋㅋㅋㅋㅋㅋㅋㅋㅋㅋ
956,  찌비,진짜 마지막 전체 엔딩 너무나무너무너무너무 멋있다 sg워너비 분들 너무 행복해보여요 진짜 잘 됐으면 좋겠어요 오디오 감독님 센스 굿!! 목소리 묻히니까 한 명 한 명 짧게 들려주는 게 너무 센스 굿!!!좋은 노래 감사합니다!!!!
957,  융융,저도 이거 진짜 편집 센스있게 잘햇다고 생각했어용😋
958,  찌비, @융융  😁
959,  이시정,8:32
960,  이시정,7:20
961,  최랑이,21:01 석훈이형 실화야? ㄷㄷ
962,  Cecilia Domingo,hope msg and sg wannabe could do a concert together
963,  Dlthflwl,18:26..❤️‍🔥
964,  박범준,닭살 정확히 6번 났음... 👍
965,  수정lee,진호님은 사랑받기 위해 태어난 사람  하나 하나 사랑받을 말만 하심 ~♡
966,  홍찬화,10:31 ㅋㅋㅋㅋㅋㅋㅋㅋ진짜 양쪽귀에 해바라기 꽂고 무아지경 덩실덩실 아엠그라운드 우리 김치맨 창모형 내가 많이 좋아해요ㅋㅋㅋㅋㅋㅋㅋㅋㅋㅋㅋㅋㅋㅋㅋㅋ보기만해도 기분좋아지는 사람=KCM
967,  서윗한셰퍼드,김진호님 이참에 복가도 나와서 장기가왕해주셨으면
968,  보아,이거 한영상 반복 재생 못해요??!
969,  이지혜,저도 같은생각 ㅜㅜ 반복재생없나요…
970,  hui su kim,참정말 노래 좋다이석훈 대단하고 김용준은 미치겠고가운데는 크으읔 할말이 없다
971,  나무뽑기,20:52 기석이 진호한테 고음 배틀 붙엇다가 바로 꼬리접는거 왤케 기엽노ㅋㅋㅋㅋㅋㅋㅋㅋ
972,  응이,3개월이 아니라 3년 아님?
973,  최민정,그게 아니라 전에 나왔던 놀뭐랑 이번에 나온 놀뭐가 3개월 차이 난다는 거
974,  응이, @최민정  아~확인!
975,  김시현,엄마 미안 나 불륜녀가 체질인가 봐ㅎ
976,  Kay Lee,찢고 울고 행복하고 다했다!!!!! 자막 멘트 공감 백퍼!
977,  고먐미들,21:06 상이... 진호 머리에 뭐 붙은거 ㄸㅔ어주는거바 진짜 🫀🔨
978,  뚠호,아리랑있는 앨범이 씹레전드 은도 불러주면 좋을텐데... 두 곡은 mp3에 넣어서 학교 갈 때마다 엄청 들었었는데 그냥 sg는 거를 앨범이 없네
979,  cob mar,은 좋은 수록곡이져 아는분이있네
980,  장근아,너무 노래잘하고 기분좋게해주는 SG워너비~~ 신곡내줘 고마워요^^그대들이 좋은사람~~♬♬ 우리 서쿤님은 또 절 꼬시네요^^ 넘어가지 모~~ 이번엔 우리딸도 넘어갔네요~^^♥♥
981,  여바람,달달하다.  이런 날이 오는구나.
982,  하이하이,17:57 여기 kcm이랑 sg워너비 멤버들 장난치는거.. 되게 웃긴 장면인데 왤케 슬프지ㅠㅠ둘다 동시대에 활동을 했던분들이고 내 학창 시절 거의 전부였던 사람들이어서 뭔가 좋으면서도 슬프다
983,  김민정,김진호는 가수가 되려고 태어난 사람… 소름이다진짜 김진호는 고딩때부터 이미 완전한 괴물보컬…평생 노래해줘ㅠㅠ
984,  문지혜,아니 진호님 넘 웃겨ㅠㅠ 예능 자주 나와주새요ㅠ
985,  장인의손길,지석진 신난거 봐라 ㅋㅋㅋㅋㅋ
986,  박성우,20:53 쌈디 sg워너비 랩+씽잉 한곡 내주시면 안되나요..??
987,  승환,7:19 이 부분 진짜 좋다
988,  임강대,김진호 노래부는거보면 노래에진짜 진심인거같아서 너무좋아
989,  슈슈슈,진짜 이석훈 유죄ㅠㅠㅠ
990,  Seo Young Lee,"인제 내사람에 유야호 없으면 허전하고, 해바라기에 석훈님의 외로운 크헝헝 없으면 허전하고..."
991,  혜란이,석훈삼촌은 못본사이에 더 잘생겨지셨네요.. 정말 😭
992,  쨍후니,창모형ㅋㅋㅋㅋㅋㅋㅋㅋㅋㅋㅋㅋㅋㅋㅋㅋㅋㅋㅋ아 사랑해옄ㅋㅋㅋㅋㅋㅋㅋㅋㅋㅋ
993,  고뤄취,18:25 죽어도 되나요
994,  니뉴니,극락
995,  자몽처돌이,코로롱 끝나고 하는 첫콘 이서쿤 앞 1열 나🙋‍♀️
996,  S OO,저도요 🙋‍♀️
997,  JY DoDo,우리의 노래 들으며 … 펑펑 울어요 ㅠ “…아무도 찾아주지 않던 불러주지 않던 나라는 노랠 다시 찾아내고 들어준 너에게 혼자가 아님을 노래할 거야 . 너의 하루와 너의 추억에 노래가 될 거야.”지치고 힘들어 포기하고 싶은 순간에도…혼자가 아니라고 … 노래해주셔서 감사해요 오늘도 저의 위로이자 힘이자 꿈인 SG 워너비!!! 사랑해요 :)
998,  정훈,1
999,  조민성,WOW
1000,  내 기록,뭐랄까 김진호 노래하는거 너무 행복해보여서마음이 너무 좋네 ..오랜시간동안을 비워낸다고 고생고많이하고마음도 많이 상해져잇엇을텐데 …저런모습 보고잇자니 내가다 좋네내 고등학교시절 전부였던 가수라서 더 뜻깊다 ㅠㅠ개쥬아
1001,  지안,곰돌이는 진짜 노래를 사랑하는거같아 ㅜㅜㅜ 보는내가 행복해 ㅜㅜㅜ
1002,  김석,너무 멋부리고 안불렀으면..김용준씨가 예전엔 몰랐는데 참 편안하게 표정지으며 담백하게 부르시는게 듣기도 보기도좋네요   윈래 노래 잘부르시는분들인데 너무 힘주고 부르니 제몸에 힘이 들어가고 제표정도 일그러지내요
1003,  aftermath3482,"Nice, nice, nice! 😁😁😁"
1004,  파란,우리 진호님 유느 쳐다보는 눈이 꿀이 뚝뚝 떨어집니다~유느만 보면 몸이 자연적으로 유야호로 향해 있어요~고맙습니다 ❤용준님 더 귀여워 지셨어요~ 석훈님 미소 뿜뿜 ~ 고맙습니다 에스지워너비님들 사랑합니다신곡 너무 좋아요♡♡ 💜💕❤😘😍♥너무 고맙습니다좋은 사람들과 함께 하면 이렇게 기분좋고 행복해 집니다에스지워너비님들 엠에스지 워너비 우리 워너비들 사랑합니다 💜우리 소금이들은 우리 모두의 워너비들의 팬입니다 응원합니다 유야호 사랑합니다 💜💕❤
1005,  짜장,너무좋은데 즉흥으로 kcm이랑 가시리 햇으면 더좋앗을거같아요~~ 정말 옛날 그때 시절이 생각나네요!!
1006,  in joo hwang,진호는 트로트의 나훈아...용준이는 ..자연스런 미성 ...
1007,  S L,해바라기 애드립 ㅠㅜ 마지막에 바꾼거도 왜이렇게 좋냐구요 엉엉ㅠㅜ
1008,  현상수,진햄 아리랑 2절 풀로 부른거 진짜 오랜만인듯...여전하네 실력
1009,  미랑 김,세명다. 최고입니다~~♡티브이에 자주나와주세요. 제발요~~
1010,  쟂쟂,20:19 뭐야 재정이가 화음 넣은 거야??? 뭐야므ㅓ야
1011,  SOOSEOK OH,이석훈이 노래 진짜 잘하네..
1012,  름이,김용준 좋다 좋아
1013,  J iapetus,김진호는 김진호가 장르다. 무대장인!
1014,  탱커킴,아니 창모형 테너 미친거 아니냐고ㅋㅋㅋㅋㅋㅋㅋㅋㅋ
1015,  SweetSori,Kim Jin Ho always managed to leave such deep impression to everyone despite his lack of TV appearances! He's truly a legend! SG Wannabe as a whole group is also a legend! Nice! 👍 W☺️W!
1016,  구루,"다들 한번씩 김진호 솔로곡 한번씩 들어보세요 거의 직접 작사하셨는데 가사가 참 아름답다고할정도로 좋아요.참고로 저기서 넌좋은사람이랑 우리의 노래를 직접 작사했어요"
1017,  이경은,유퀴즈에 어머니 나온 거 보고 엄마 닮아 글 잘 쓰는구나 했어요~
1018,  구루, @이경은  진짜 시인같이쓰죠
1019,  leedaeyoon리대윤,셋 목소리 같이 들릴 때 여기가 천국이구나 하게 됨이석훈 목소리는 사람을 확 감겨들게 만들어서 듣고 또 듣고 싶어진다
1020,  Julia A,이석훈 햐얗다 못해 두부되겠네 고음은 또 어쩔
1021,  유젼,이석훈...왜 더 잘생겨졌지?목소리는 또 왜이렇게 좋아?웃는건 왜 이렇게 예뻐?내 가수님..평생 지켜주고 싶다...진심
1022,  Captain Sergio Ramos,석햄 진햄 마이 벗고 오니 허리쪽 옷 정리하라고 해주는 모습 서윗하셨는데 여기에는 안 나오네요 편집 돼서ㅜㅜ진햄 버전 아리랑👍🙏
1023,  초코우유김곰돌🐻(milkbear),20:48 야진짜너무행복하다ㅠㅠ 김진호행복해보이는게 눈에너무잘보이잖아ㅠㅠ20:54 1차전 쌈디vs김진호ㅋㅋㅋㅋㅋㅋㅋㅋㅋ김진호승👍🏻👍🏻👍🏻21:05 근데그와중에 이상이님...진호옵빠머리에 앉은거 떼어줫어ㅠㅠ자상해ㅠㅠ사랑합니다💓마지막김진호하트까지 완벽그자체다🙈🙈
1024,  김가현,18:25 또 또 끼부린다아리랑2:05 4:29넌 좋은 사람5:40 6:31 7:39 8:42해바라기9:39 10:10 11:12우리의 노래13:13 15:55내 사람18:17 19:08
1025,  쿠니___,유죄모먼트들~ ㄱㅅㄱㅅ
1026,  펭엣헴엣헴,"📢 김용준님 유투브: https://youtu.be/59gxl793M8k<타임라인>🎆 박재정님(슈퍼스타 우승자🏆) 찐팬 모먼트- 6:38 16:14 16:32 나 SG워너비 좋아했네❤- 15:30 활동도 하지않은 싱글앨범 수록곡을 같이 부르는 재정님 😃- 20:20 나는야 성덕이요🎤👬 7:15 형제라서 손동작도 같아요🙅‍♂️ 10:01 같은 아이엠그라운드, 다른 반응- 직캠 보세용~(진호님한텐 귀여워하고, 용준님한텐 질색해요🤭)😭 12:28 외로운 석훈님 (용준님: 열심히 율동하고 있었어~)🎙 16:25 음원에는 없는 용준님 고음🎉🕺 17:54 KCM 따라하는 용준🤗 20:54 쌈디 vs 진호 win"
1027,  임담비,"18:25 이석훈씌 결혼했으면서 ,,,,자꾸 끼부려.. 유죄.."
1028,  이덕형,우리의 노래 진짜 좋은데요
1029,  지언아,김진호… ㅠㅠ❤️❤️❤️
1030,  윤선생,20:31 물만난 김진호 압도적이다..
1031,  춘삼 김,김용준의 재발견미성 용준 고음 용준리더 용준넘 좋다 좋아
1032,  가올흴,4:29 이거 들으려고 온다… 진짜 너무 좋아서 뭐라고 표현해야할지도 모르겠다
1033,  S OO,난 또 이걸 몇번이나 보게 되려나... sg 워너비 마냥 행복하게 하는 사람들.. 서쿤 목소리는 보석이야
1034,  아무개,우리의 노래 진짜 개띵곡ㅜㅜㅜㅜ 같은 앨범에 있는 타이틀 '만나자'도 많관부!!!
1035,  김예원,Wow!!
1036,  beautifulzoo,김진호씨 노래 부를때 행복해 보여서 절로 미소가 지어지네요~♡
1037,  이잠자리무늬키플링가방,이름도잘생곃어 석훈
1038,  Kay Lee,"sg 워너비 위베어베어스 맞네!!! 감성충만 곰돌이 진호🐻, 미성장인 팬더 용준🐼, 스윗섹시 북극곰 석훈🐻‍❄️(올화이트 짱잘어울려 서쿠니)SG곰돌이들 사랑해!!!🥰"
1039,  could u buy me an🍦if u dont mind,죄와 벌을 대체 왜 안 부르느냐는 댓글이 많은데 사실 죄와 벌은 김진호 님 전성기 당시에도 라이브엔 한 키 낮췄는데도 불구하고 음이탈이나 플랫 등 실수가 잦을 수 밖에 없는 본인 한계음에 아슬아슬하게 걸쳐있는 Bb4가 밥 먹듯이 나오는 곡이었던 터라 그 때와는 여러가지 상황이 달라짐에 따라 대부분 G#4 안팎인 지금의 곡들에 비해 테너+미성+두성구 소리를 잘 사용할 줄 아셨던 채동하 님의 음역을 현재 이석훈 님도 커버가 불가능하고 결국 모든 중요 부분이 김용준 님 밖에는 소화가 안되는데 원곡을 기억하는 팬들에게 원하는만큼의 완성도 높은 구성이 불가능해졌다는 게 가장 큰 이유겠죠 본인들이 가장 잘 알고 있는데 부르지 않는 데에는 그만한 이유가 있기 마련이죠 근데 전 지금 이대로도 좋네요 많은 역경을 견뎌내고 아직 굳건하게 자리하고 있는 저 모습들이 그냥 행복해보여요
1040,  보담,19:06 이석훈에 치여서 계속 반복재생중이야..
1041,  하준서,아 kcm 엄청 웃기네 ㅋㅎㅋㅎㅋㅎㅋㅎㅋㅎㅋㅎ
1042,  애기샤,"덕후 필터인지는 몰라도 02:24 막내는 잔망스럽게 지휘, 형들은 막내 발견하고 웃는게 너무 조타👏"
1043,  김혜숙,진호님 그동안 더멋져 지셨습니다
1044,  나의 라임 오지는나무,김진호 기여미ㅠㅠ❤️
1045,  니끼미나즈,와 마지막에 단체로 부르는거너무 좋다ㅜㅜㅜKCM은 그 와중에도 화음 넣네ㅎㄷㄷ
1046,  애영,이석훈 진짜 미친다 ㅠㅠㅜㅜㅜㅜ
1047,  ᄋ모모,워너비에서 김진호가 살린다 너무귀엽다
1048,  heon park,창모형이랑 가시리 불렀으면 레전드인데ㅠㅠ
1049,  2ᅡ이스토리,이석훈 목소리 긁는거 미치겠음 개좋다ㅠ퓨
1050,  2 5,10:23 killing point
1051,  김미란,"진호 끝까지 귀여웠다^^  용준이 살 빼느라고 얼마나 힘들었을까!! 행복한돼지도 좋던데~~!! 석훈이는 늘 한결같이~^^  사랑해요,  sg워너비 , ,60이되어도 가슴이 뛰네요♡♡♡"
1052,  언더테이커,12:30 최애구간ㅋㅋ
1053,  Bang Tong,"청와대 보고에 의하면 그 위대한 신께서  40년전에 , 친히 성령으로 역사하시어  전장군에게  작은책을 주시고 , 그를   지팡이로 이용하여 ,12살이하 그 지역인들의 대갈통을  있는힘껏  깨조져 버리신게 분명하다고 한다 °° 그 여호와께는 무기고를 털고 북한을 이롭게 한 죄를 물어 , 합법적으로 그 지역인들을 깨죽일수 있도록 , 역사하신거라   한다 ㅋㅋ   라도들아 , 니네 지역인들이, 지금 40년전 니들 부모들이  길가에 쏟아낸 그 더러운 피(ex 모유)를 ㅊㅕ 먹고, 권력을 잡은거니 , 그에 대한 합당한 대답을 내놔야 할꺼 아니냐 ♧ 그당시 강제로 동원되어 억지로 니들 에미에비들의 ㅂㄸ지를 뚫어 버린 그당시 젊은 공수들에게도 뭔가 대답을 해주야 될거 아니냐 , 그들도 지금 살아서  전부 방송 보고 있다니까 ㅋㅋ"
1054,  로비,18:26 왜 자꾸 끼 부리세욧!안 넘어갈 수가 없자나
1055,  K은경,석훈님의 미소와 목소리에 더 깊이 입덕합니다.답답한 코로나 칩거생활에  놀뭐의 sg편은  시원한 바람이 되어주었네요고마워요. 놀뭐팀.사랑해요. sg워너비 좋은 사람  석훈님
1056,  해피산타,15:38 심장이 다시 뛰기 시작했다.15:55
1057,  알럽찌니,18:29 끼부리는 이서쿤
1058,  우효 우효,아무도 찾아주지 않던~ 불러주지 않던~나라는 노랠 다시 찾아내고 들어준 너에게~
1059,  김기영,20:33 와…진호형 가창력과 성량은 진짜… 다른 사람 목소리에 절대 안 묻히네…..
1060,  강hyun,김진호는 매번 무대에 방송에 진심인듯. 나올때마다 웃음포인트에 임팩트있는 무대를 남기고가네. 노래에 자신감이 있어 여유와 감동을 주는 메보는 역시 메보~
1061,  이호준,진호형 무대를 진심으로 즐기는 모습이 보여서 너무 좋다.. 모두들 계속 노래해줬으면 좋겠어요!! SG워너비 13년 팬인데 요즘들어 가장 빛을 많이 보는거 같아서 너무 뿌듯한 1인입니다 😀😀
1062,  하은,18:25 내가 보려구 🥰
1063,  ᄒᄒ,보는것만으로도 듣는것만으로도 행복하게 해주셔서 감사해요♡ 유죄좌석훈님도 좋지만 역시 본업잘하는 서쿤님이 최고네요👍
1064,  가올흴,이석훈 ‘나는 천 번을 다시 태어나도’ 이 부분 진짜 너무 좋다.. 이거 들으려고 아리랑 듣는다고 해도 무방할 정도
1065,  JUNG스니커즈,외로운 유죄좌~♡ 왜이렇게 남자가 예쁘게 웃으시나요~^^ 이러니 반할 수 밖에~ 완전체일때 더 빛이 나는 유죄좌 이석훈!!!! 넌 좋은사람 이요
1066,  최준혁,아리랑 마지막 김진호 애드리브는 진짜 개지린다
1067,  ᄋᄋ,19:53 다 같이 부르는거 소름끼치고 너무 좋다 진짜 ㅠㅠ
1068,  SS ahn,우리의 노래 멜로디랑 가사가 너어무 좋다 16:35에 창모형 눈빛보면 찐임…..
1069,  수빈펜하러버,김진호의 유야호가 빠지면 섭섭하지 ㅋㅋㅋ
1070,  duple,진호 역동적 감동
1071,  늘푸른,이석훈....잘생겼다
1072,  김경현,2:09 하 줜나 예쁘네..
1073,  대다나다,김진호 진짜 말이 필요없다..너무좋음
1074,  RED BOMB Film,그... 재석쒸재석쒸 노래부를때 추임새 자제해주세여.....(안티아님 사랑합니다유재석
1075,  festina lente,우리의 영원한 보컬쌤 이석훈님!! 그런데도 계속 노력하시는 모습 너무 아름답습니다. 신곡 자주 내주세요 제발..
1076,  heeeee222able,"나 김진호 좋아하네,,"
1077,  자꾸만 석쿵해,행복을 퍼주는 사람들 ㅠㅠㅠㅠㅠㅠ 사랑해♡
1078,  김효빈,11:56 창모형 넘 이뻐요ㅠㅠㅠㅠ
1079,  윤다빈,KCM이랑 가시리 불렀음했는데 좀 아쉽다.. 하지만 넘 좋아ㅠ
1080,  김태양,8:31에 누가 옆에서 발로 밟았나 ㄹㅈㄷ네
1081,  가올흴,이석훈이 노래를 진짜 잘하긴 잘하는구나..
1082,  Y M,마지막에 슈타인 목소리 어디가쎀ㅋㅋㅋㅋㅋㅋㅋㅋ
1083,  강hyun,김진호는 실력도 실력인데 정말 노래를 사랑하고 즐길줄아는 진정한 무대장인~
1084,  김우찬,언제나 봐도 진호형 노래 부르는거 보면 눈물나 사랑해요 진호형❤️
1085,  수누,기침나무 없는게 아쉽다. 최애곡인데
1086,  Younghye Lee,감동포인트는 김진호고달달포인트는 이석훈인데심쿵포인트는.. 김용준♡
1087,  hyun_a,요고 기다렸어요! 놀뭐 관계자님 태호피디님 유야호님 천번을 다시태어나도 감사할꺼예요♡워너비 진짜 넌 좋은사람
1088,  자 감,복면가왕 안나와여? 진호형
1089,  SweetSori,He prefers to not appear on such show
1090,  자 감, @SweetSori  i know but many people want to join the mask man
1091,  강hyun,목소리가 지문이신분이라 첫소절만 들어도 온국민이 다 알거같은데요 ㅎ
1092,  자 감, @강hyun  이분 가왕하셔서 커버 곡 좀 듣고 싶어요
1093,  최선희,16:11 눈물버튼😢아무도 찾아주지 않던불러주지 않던나라는 노랠 다시 찾아내고 들어준 너에게혼자가 아님을 노래할거야너의 하루와 너의 추억에 노래가 될거야
1094,  b뺄,김진호님 노래는 진짜 듣는것도 부르는모습 보는것도 행복하게하는게 있는 것 같아요
1095,  남두두,뭐지?댓글 현실반응이랑  좀 ㅋㅋ인기댓이  sg영상마다 똑같네
1096,  융융,"2:22이부분 너무 좋다. 그냥 지나칠 수 있는 간주 부분인데.. 뒤에서 장구 치고 계시는 분들을 가리켜 주네. 본인이 온전히 누릴 수 있는 빛을 나누어 주는 저 마음은 아무나 가질 수 없는 것 같다. 가창 실력도 실력이지만, 한 인간으로써 배울 점이 참 많은 사람인듯."
1097,  박윤주,5:45 석훈오라방 비주얼 미쳤네😍
1098,  lil_lin,18:25내가 보려고 만든 유죄인간 이서쿤 잔망 포인트 💕이석훈 유죄암튼 유죄
1099,  쿠니___,여기 갇힘 ㅋㅋ
1100,  김민정,저도 여기 누워요 ♡♡♡
1101,  마들렌,12:22 ㅋㅋㅋㅋㅋ석훈 개인 무대ㅋㅋㅋㅋㅋ
1102,  유희영,진호잘생겨보여~~~^^
1103,  차여름,10:24 아 창모형 개겹네 ㅋㅋㅋㅋㅋ 아20:18 이 화음은 창모형인가 재정이형인가..? 야무지다 진짜
1104,  Kim Susan,김진호완전팬이에요~~~
1105,  이석훈유죄,8:47 이석훈 … 지켜주우우우울게 하면서 긁는거 너무 섹시하다고요… 진짜 나한테 왜그래
1106,  보라뚜비,뭔가 가시리 살짝 기대했는데 아쉽네요 그래도 노래 너무 좋다 ㅠㅠ
1107,  아름다운삐수니,김진호가 부른 바라만본다 내놔!!! 요~~~~
1108,  냥냥펀치,엄마 나 유부남 좋아하나봐....이석훈 진짜ㅜㅜㅜㅜㅜㅜㅜㅜㅜ
1109,  또뚜뚜뚜,전성기 때에는 나이스좌가 진짜 못났다고 생각했는데 지금 보니 제일 훤해보인다.
1110,  김으엌,8:48 아 사랑해
1111,  김민아,"이석훈.....,,,,유죄 ,,,,"
1112,  현아,진호님 관리 들어갔는지 많이 섹시함
1113,  김혜지,이석훈 꿀보이스ㅠㅠㅜ💜
1114,  드래곤준,8:54 이상이 배우님 표정 = 내표정
1115,  루랄라 룰,넌 좋은 사람 도입부 수십 번 반복 석훈이형 목소리 뺏고 싶네노래는 역시 고음이 다가 아닌 걸 다시 느낍니다
1116,  후후먹잇감이군,저도 가질 수 있다면 석훈님 목소리요
1117,  Jabop Yu,Kcm이랑 진호형 가시리한번만 불러쥐ㅠㅠ
1118,  yun H,12:29 이거 웃긴 부분이 아닌데 진호님 애드립으로 우주비행하시는게 왤케 웃기짘ㅋㅋㅋㅋㅋ 자막땜에 그런가..ㅋㅋ
1119,  김현,석훈형 콧구멍 밖에 안보이네
1120,  미진유,김진호 노래만 잘하는게 아니라 감동을 주고 행복을 주는 참 귀여운 사람
1121,  김선주,"이석훈,, 웃지마,, 하늘보면서 노래하지마,, 손 제스처 하지마,, 노래 하지마,, 내 심장 뒤흔들지마😭"
1122,  U Dear,떼창 속에서도 김진호 음색 압도적을 뚫고 나오네요 ㄷㄷ
1123,  ㅇㅅㅇ,김진호 진짜 구릿빛피부의 정석이다ㅠㅠ❤️
1124,  효은,이석훈......결혼했으니까 봐준다......
1125,  김승빈,"진호오빵 너무 귀엽고 잘생겼자나 ㅠ,ㅠ"
1126,  하루넌나의하루하루,이석훈 너무 좋아 미칠것같애
1127,  용JJ,19:00 ㅋㅋㅋㅋㅋㅋㅋㅋㅋ창모형 덩실덩실ㅋㅋㅋㅋㅋ
1128,  Jinhwan Ahn,김진호는 대체불가다.. 한때 휩쓸었던 목소리에 가창력까지..
1129,  라벤더,석훈님 달달한 목소리 너무 좋아요세 분이 웃으면서 사이좋게 노래 부르는 모습도 좋아요
1130,  비모조아,"김진호 노래 부를 때 가장 행복한 남자,,"
1131,  나무무드,김진호 좋다구~~~~~~
1132,,진호는 고음장인이면서 웃기네
1133,  똘똘,"19:45 와,,쌈디행님 흐뭇한 미소로 끄덕끄덕 미쳣당.."
1134,  한영민맘짱,이석훈 목소리 너무 좋아요
1135,  사랑해지은아,"다들 너무 훈훈해,,,,, 석훈님 원픽이지만 워너비들 다 너무 훈훈 ㅠㅠㅠㅠ 다들 사랑해요❤️❤️❤️❤️❤️❤️❤️❤️❤️"
1136,  zz zz,please give me chinese....
1137,  문로렌,사랑해 김진호….
1138,  성민,"20:20 화음 머선니리고 ㅠㅠㅠㅠㅠㅠㅠㅠㅠㅠㅠ 재정쒸 재정쒸, 창모쒸 창모쒸"
1139,  yujin love,이서쿤오빠는 왜 목소리가 얼굴이랑 일치해요? 얼굴이 일케 생기면 목소리라도 최해준정도만 되줘야지.. 목소리 마저도 오빠 얼굴이랑 똑같이 잘생겼어요.. 세상에서 제일 잘생긴 목소리
1140,  모던modern,이석훈 언급 왜 없어... 여전히 존잘...여전히 미친 목소리...너무 당연해서 그런가
1141,  피즈치자,코 밑에 인중근육 부들거리는 게 이렇게 멋있을 일이냐고…. 이석훈 유죄
1142,  화염,김진호는 보면볼수록 햄찌같으심
1143,  제리도리,이석훈 유죄
1144,  김남궁,kcm행님 같이잇는김에 가시리 한번불러줫으면 좋앗을텐뎅 아쉽당
1145,  함희진,"16:13부분 우리의 노래에 '아무도 찾지않던, 불러주지 않던, 나라는 노래' 에 눈시울이 붉어지다가 마지막에 다같이 부르는 노래에 왜 울음이 터지는지 모르겠어요!! 제또래 친구들이 초등학교때 sg워너비 앨범도 사고 엠피쓰리애 넣어서 노래듣고 다녔는데 저는 빌려서 들었었고 유행이 뒤떨어진 편이라 하이라이트만 대충 알다가 점점 커 갈때쯔음 고등학교때부터 제대로 음악을 듣기 시작했답니다 그래도 요즘 모바일로 콘서트(?)며 라이브방송이며 하는것도 배워도 어려워서 유튜브로 보고있습니다.. 시대가 많이 뒤딸린(?) 팬의 하소연 이였으며 애늙은이가 엄청난 팬이기 때문에 언제가는 꼭 성공해서 콘서트 갈거에요 꼭 갈게요 김용준 김진호 채동하 이석훈 사랑합니다"
1146,  잔디잔디.,김준호 더욱 성숙해지고 멋짐 목소리에 영혼이 담겨있음
1147,  맹두,20:21 박재정…. 재정씨…
1148,  밤,내사람 이석훈 레전드다...이젠 대놓고 끼부리는데
1149,  경수가 보낸 팅커벨,이석훈 존나잘생겻다
1150,  쿠쿠루삥뽕,아리랑 이서쿤팀 버전 음원 내주면 좋겠다
1151,  파크헤이즈,김진호 진짜.. 보컬보물이다. 활동 많이 해주세요~~ ^^
1152,  하울,06:35 눈물나는 날에는 짱 좋네요.
1153,  너무이뻐,진호형 옆자리 남편자리  내자리♥♥♥용준횽 꺼두?ㅎㅎ 석훈햄은 결혼했으니 패스라고 하고싶은데  욕심나 ㅎㅎ
1154,  나는야호돌이,3:51 진호님 목 꺾는거때문에 석훈님 씩 웃으시는건강...ㅎㅎ
1155,  유희영,진호가얼굴도오바고노래도오바라서 뜬거지~~~~최고~~~~^^
1156,  하리보,김진호 너무 행복해 보인다... W😀W
1157,  스무리,하 이석훈 또 나 꼬시네
1158,  김민지,김진호 오빠 귀여웡 저런사람이랑결혼했으면💕
1159,  아이니,이석훈은 늙지를 않네. ..... 반칙이야.....잘생겼어
1160,  in joo hwang,이석훈은 노래 엄청잘하는 사람인데...턱으로 목소리를 꾸며요.
1161,  ㄱㄴㅇ,20:20 박재정 고음 극락좌표..
1162,  Mirror,목소리 유죄막냉이 쳐다보면 웃는 형들 유죄막내미 유죄착장 유죄라이브 인증 유죄잔망 미쳐버려 유죄헤헤 거리는거 귀여워서 유죄
1163,  한국축구의 발전,버즈도 불러줘
1164,  허진수,진호야5키로더빼라용준이는 마이늙었다.안경은 더 늙었고킹진호는 그냥 킹진호
1165,  조홍준,마지막 내사람때 확실히 진호 목소리가 모든 사람중에 튀네
1166,  호홀로롤로,나 김진호 좋아하네ㅠㅠㅠ
1167,  프락토올리고당,김용준 뺑소니만 아니었어도 진짜 완벽한 그룹인데. 자세를 고쳐 앉아도 볼때마다 불편하누
1168,  유젼,다 지난일 여기서 밝히는 이유가 뭔지 궁금합니다 ㅜ ㅜ죄값 다 치루고 잘 하고 있는 사람 그냥 둡시다.정말...
1169,  h c,이석훈드르와서  워너비  망햇다
1170,  최민정,?ㅋㅋㅋ  안망했는데용ㅋㅋㅋㅋ
1171,  루랄라 룰,????
